time,stno,year,month,PS01,PS02,PS03,PS04,PS05,PS06,PS07,PS08,PS09,PS10,TX01,TX02,TX03,TX04,TX05,TX06,TX07,TX08,TX09,TX10,TX11,TX12,WD01,WD02,WD06,WD07,WD08,WD03,WD04,WD05,PP01,PP02,PP03,PP04,PP05,PP06,PP07,PP08,VP01,VP02,VP03,VP04,VP05,RH01,RH02,RH03,RH04,RH05,EP01,EP02,EP03,EP04,EP05,EP06,CD01,SS01,SS02,GR01,GR02,GR03,DY01,DY02,DY03,DY04,DY05,DY06,DY07,DY08,DY09,DY10,DY11,DY12,DY13,DY14,DY15,DY16,DY17,DY18,DY19,TS01,TS02,TS03,TS04,TS05,TS06,TS07,TS08,TS09,TS10,UV01,UV02,UV03
201101,466920,2011,1,1022.2,1023.0,1029.6,310859,1013.7,141339,1030.4,310859,1014.5,141339,13.7,10.7,-9999,20.9,141252,7.9,160813,15.8,11.9,3.9,7.7,180000,3.0,90,8.3,80.0,221113,15.2,80,221358,71.9,227.2,1.5,111505,4.0,111446,22.0,120000,13.1,20.4,141255,7.3,10001,83,54,11238,97,111832,-9999,-9999,-9999,30.4,2.7,10000,9.4,17.1,5.2,103.71,2.56,181100,1,0,0,0,7,0,25,13,2,0,0,20,0,0,0,8,23,0,0,-9999,-9999,-9999,-9999,-9999,-9999,-9999,-9999,-9999,-9999,-9999.0,-9999.0,-9999
201102,466920,2011,2,1017.0,1017.8,1025.8,142212,1006.1,81418,1026.6,142212,1006.8,81418,16.9,12.8,-9999,28.0,271253,10.2,141249,20.3,14.5,5.8,12.4,60000,2.3,90,8.3,90.0,51527,14.7,80,51520,68.0,122.7,3.0,191034,6.0,191024,35.3,190000,14.9,22.0,250933,9.4,120750,78,43,61621,97,201141,-9999,-9999,-9999,51.6,4.6,270000,7.8,87.8,27.9,209.8,3.0,281300,0,0,0,0,0,0,14,8,2,1,0,12,0,1,5,7,15,0,0,-9999,-9999,-9999,-9999,-9999,-9999,-9999,-9999,-9999,-9999,-9999.0,-9999.0,-9999
201103,466920,2011,3,1019.9,1020.7,1026.9,160804,1008.0,201513,1027.7,160804,1008.7,201513,16.2,11.4,-9999,30.7,201430,10.4,280403,19.2,13.7,5.5,12.7,200000,3.3,80,8.6,90.0,171334,17.3,80,170929,119.1,117.8,2.0,70049,8.5,70332,45.0,270000,13.8,27.4,211047,8.0,161935,74,35,291435,99,120752,-9999,-9999,-9999,73.9,5.4,290000,9.1,55.0,14.8,203.7,3.0,291300,0,0,1,0,0,0,12,7,5,1,0,17,0,0,2,7,22,0,0,-9999,-9999,-9999,-9999,-9999,-9999,-9999,-9999,-9999,-9999,-9999.0,-9999.0,-9999
201104,466920,2011,4,1013.8,1014.6,1022.4,51008,1003.6,271424,1023.2,51008,1004.3,271424,21.7,15.2,-9999,34.4,271247,13.7,41907,26.5,18.1,8.4,17.0,240000,2.5,80,9.0,80.0,91225,16.9,70,190807,27.4,53.4,2.5,171246,7.0,171243,13.2,170000,17.6,27.1,270940,6.2,241832,68,18,241647,95,180426,-9999,-9999,-9999,100.1,6.6,240000,6.5,153.1,40.4,405.74,3.0,241200,0,4,4,0,0,7,7,5,1,0,0,4,0,0,11,14,5,0,0,-9999,-9999,-9999,-9999,-9999,-9999,-9999,-9999,-9999,-9999,-9999.0,-9999.0,-9999
201105,466920,2011,5,1008.9,1009.7,1015.4,142104,1000.9,111528,1016.2,142104,1001.6,111528,24.8,20.6,-9999,36.1,111232,17.9,290441,28.7,21.9,6.8,10.9,310000,2.3,80,9.3,80.0,261337,16.2,90,272357,222.0,159.3,10.5,130144,23.5,130137,54.0,160000,24.3,35.2,121036,16.4,291744,78,47,111344,98,170943,-9999,-9999,-9999,82.0,5.9,90000,8.1,94.2,22.7,330.06,3.02,221100,0,15,13,3,0,25,18,14,6,4,0,8,1,0,5,10,16,0,0,-9999,-9999,-9999,-9999,-9999,-9999,-9999,-9999,-9999,-9999,-9999.0,-9999.0,-9999
201106,466920,2011,6,1005.4,1006.1,1011.1,292152,991.3,250335,1011.8,292152,992.0,250335,29.0,23.7,-9999,36.2,71151,23.8,30353,34.1,25.8,8.3,10.8,90000,1.7,170,8.2,80.0,241337,18.3,270,252217,284.6,65.8,13.5,281457,40.0,281454,106.4,250000,29.4,38.7,270801,22.8,252223,74,49,81105,100,21103,-9999,-9999,-9999,120.3,6.8,230000,7.6,145.7,35.6,421.69,3.16,51200,0,30,28,13,0,30,13,10,7,3,0,0,9,0,4,18,8,0,0,-9999,-9999,-9999,-9999,-9999,-9999,-9999,-9999,-9999,-9999,-9999.0,-9999.0,-9999
201107,466920,2011,7,1004.3,1005.0,1011.0,10719,996.3,181732,1011.7,10719,997.0,181732,29.7,24.1,-9999,37.7,241243,24.5,142021,34.6,26.5,8.1,10.5,80000,1.6,170,9.1,110.0,272342,17.5,90,272345,264.2,40.1,14.5,31601,41.5,131253,76.0,130000,30.1,39.1,160914,23.8,142002,73,44,81259,100,160703,-9999,-9999,-9999,142.5,9.4,280000,6.3,181.7,43.5,470.47,3.03,241200,0,31,31,12,0,31,14,12,8,4,0,0,10,0,13,18,0,0,0,-9999,-9999,-9999,-9999,-9999,-9999,-9999,-9999,-9999,-9999,-9999.0,-9999.0,-9999
201108,466920,2011,8,1004.9,1005.6,1011.9,150946,993.0,291735,1012.6,150946,993.7,291735,29.6,24.1,-9999,37.5,181229,24.2,121642,34.7,26.4,8.3,12.2,70000,2.1,170,10.2,80.0,290823,21.4,80,290618,166.6,66.4,11.5,141551,35.0,141541,39.0,140000,30.1,39.6,91312,22.8,191502,73,39,191504,96,91241,-9999,-9999,-9999,140.0,7.7,10000,6.1,195.7,48.7,470.73,3.01,171200,0,31,31,15,0,31,17,16,6,1,1,0,11,0,12,19,0,0,0,-9999,-9999,-9999,-9999,-9999,-9999,-9999,-9999,-9999,-9999,-9999.0,-9999.0,-9999
201109,466920,2011,9,1008.2,1008.9,1013.6,220823,1000.2,10256,1014.4,220823,1000.9,10256,27.6,21.7,-9999,35.6,291103,22.7,60526,31.7,25.1,6.5,9.8,170000,2.9,80,9.5,100.0,280819,21.3,120,280908,51.6,27.5,7.0,131520,18.0,131505,24.0,130000,26.3,36.9,131156,17.4,230330,71,48,171242,92,150720,-9999,-9999,-9999,116.2,5.4,100000,6.1,170.0,46.2,397.67,3.0,161300,0,26,24,3,0,30,9,7,2,0,0,3,1,0,14,12,4,0,0,-9999,-9999,-9999,-9999,-9999,-9999,-9999,-9999,-9999,-9999,-9999.0,-9999.0,-9999
201110,466920,2011,10,1014.3,1015.1,1020.4,252110,1008.8,141352,1021.2,252110,1009.5,141352,24.1,19.7,-9999,32.6,131133,19.5,252027,26.9,22.4,4.5,9.5,240000,3.1,80,8.6,80.0,11251,19.3,90,22022,92.6,143.8,6.5,131254,9.0,131250,26.5,10000,23.1,33.8,140958,15.9,182032,77,51,171127,99,41048,-9999,-9999,-9999,73.9,5.0,160000,8.6,53.3,15.2,218.29,2.4,231300,0,9,4,0,0,29,13,11,3,0,0,11,1,0,4,11,16,0,0,-9999,-9999,-9999,-9999,-9999,-9999,-9999,-9999,-9999,-9999,-9999.0,-9999.0,-9999
201111,466920,2011,11,1015.5,1016.2,1026.3,240846,1008.0,181532,1027.1,240846,1008.7,181532,22.9,19.0,-9999,33.5,51333,18.0,250607,25.3,21.2,4.1,9.3,50000,3.2,80,10.7,80.0,21023,18.0,90,21034,231.2,195.6,4.0,111752,12.5,191520,47.0,110000,22.3,32.8,61117,12.8,240521,79,51,221213,99,190810,-9999,-9999,-9999,63.7,4.2,20000,7.9,74.5,22.9,198.98,2.42,61300,0,5,2,0,0,20,18,16,5,3,1,13,0,0,9,7,14,0,0,-9999,-9999,-9999,-9999,-9999,-9999,-9999,-9999,-9999,-9999,-9999.0,-9999.0,-9999
201112,466920,2011,12,1021.1,1021.9,1028.1,170756,1012.5,71228,1028.9,170756,1013.2,71228,16.7,13.7,-9999,30.4,71149,10.8,240610,18.9,15.1,3.7,9.5,280000,3.0,90,7.2,80.0,41351,13.9,80,251016,159.4,275.3,4.0,211530,6.4,60440,26.0,140000,16.0,31.5,70927,8.3,242124,83,55,41353,100,271139,-9999,-9999,-9999,26.3,2.1,160000,9.2,23.5,7.4,89.3,1.87,41300,0,0,1,0,0,1,20,14,7,0,0,19,0,0,2,5,24,0,0,-9999,-9999,-9999,-9999,-9999,-9999,-9999,-9999,-9999,-9999,-9999.0,-9999.0,-9999
201201,466920,2012,1,1019.3,1020.1,1029.5,40935,1007.8,151610,1030.3,40935,1008.6,151610,15.9,13.4,-9999,25.7,181347,9.3,41431,18.2,14.4,3.8,10.0,180000,2.7,90,7.9,90.0,121241,15.5,80,121237,157.4,186.6,3.0,160026,7.5,160007,36.0,60000,15.6,24.6,141114,9.9,41400,86,53,181254,100,241447,-9999,-9999,-9999,30.7,2.7,170000,9.3,23.0,6.9,105.53,2.25,171300,0,0,0,0,1,0,16,15,6,1,0,19,0,0,1,4,26,0,0,-9999,-9999,-9999,-9999,-9999,-9999,-9999,-9999,-9999,-9999,-9999.0,-9999.0,-9999
201202,466920,2012,2,1017.5,1018.3,1026.3,180953,1006.3,61457,1027.1,180953,1007.0,61457,16.4,13.9,-9999,28.4,61209,9.5,82027,19.6,14.1,5.5,11.6,60000,2.7,90,8.3,90.0,291222,15.3,80,21446,268.8,190.7,6.5,230443,18.0,70202,62.7,230000,16.1,24.7,231109,10.2,72126,86,51,131624,99,241207,-9999,-9999,-9999,43.4,2.8,130000,8.7,43.7,15.6,139.27,2.4,51300,0,0,0,0,1,0,15,12,7,4,0,16,2,0,4,6,19,1,0,-9999,-9999,-9999,-9999,-9999,-9999,-9999,-9999,-9999,-9999,-9999.0,-9999.0,-9999
201203,466920,2012,3,1016.3,1017.1,1024.4,310832,1006.9,51326,1025.2,310832,1007.6,51326,18.8,14.6,-9999,30.7,231037,10.7,240912,23.0,15.8,7.2,16.5,230000,2.5,90,9.7,80.0,211331,16.6,70,310531,85.4,120.4,3.0,140633,6.5,90510,22.0,130000,17.0,30.4,171239,8.8,240501,78,34,301159,99,150825,-9999,-9999,-9999,72.6,6.2,280000,7.5,109.0,29.3,280.33,2.91,251200,0,0,4,0,0,1,13,11,3,0,0,9,0,1,7,12,11,1,0,-9999,-9999,-9999,-9999,-9999,-9999,-9999,-9999,-9999,-9999,-9999.0,-9999.0,-9999
201204,466920,2012,4,1011.5,1012.3,1021.9,10001,1003.0,251413,1022.7,10001,1003.7,251413,23.1,18.5,-9999,34.9,301318,16.7,61601,27.6,20.1,7.6,12.5,300000,2.2,80,8.8,80.0,31159,16.9,80,31427,289.1,141.0,10.5,220108,36.5,220017,57.0,220000,21.7,31.5,301019,11.2,10001,76,48,41301,96,210707,-9999,-9999,-9999,64.5,6.2,300000,8.5,61.2,16.1,240.23,2.95,121200,0,8,9,0,0,17,23,15,8,4,0,8,8,0,1,15,14,0,0,-9999,-9999,-9999,-9999,-9999,-9999,-9999,-9999,-9999,-9999,-9999.0,-9999.0,-9999
201205,466920,2012,5,1007.6,1008.4,1011.9,60814,1002.6,81803,1012.7,60814,1003.3,81803,25.9,20.2,-9999,35.9,11400,19.3,60513,30.2,22.8,7.5,12.6,70000,2.4,80,7.2,290.0,21328,16.4,280,21134,231.2,107.0,8.5,121621,25.0,21941,38.0,40000,23.9,33.8,91225,12.6,61516,71,31,61514,89,190731,-9999,-9999,-9999,105.7,6.0,220000,7.2,127.7,31.0,402.31,3.31,211300,0,17,18,2,0,30,18,16,7,3,0,5,3,0,10,10,11,0,0,-9999,-9999,-9999,-9999,-9999,-9999,-9999,-9999,-9999,-9999,-9999.0,-9999.0,-9999
201206,466920,2012,6,1002.9,1003.6,1010.3,302311,994.9,111706,1011.0,302311,995.6,111706,27.8,22.4,-9999,35.8,291138,23.3,10337,31.8,25.2,6.6,9.9,110000,1.9,80,10.3,110.0,290224,20.6,80,290223,625.6,134.5,18.0,161411,77.0,161336,277.5,120000,27.1,34.6,301145,20.4,131947,73,52,281027,100,120754,-9999,-9999,-9999,88.8,6.7,300000,8.2,77.0,18.8,332.5,3.0,281200,0,27,21,2,0,30,16,16,10,4,1,8,8,0,2,16,12,0,0,-9999,-9999,-9999,-9999,-9999,-9999,-9999,-9999,-9999,-9999,-9999.0,-9999.0,-9999
201207,466920,2012,7,1004.3,1005.0,1010.8,12206,992.9,311612,1011.5,12206,993.6,311612,30.6,23.0,-9999,38.3,101138,24.7,161452,35.4,27.3,8.1,11.5,160000,2.4,280,8.9,140.0,211448,18.5,80,312327,162.8,45.1,15.5,161330,39.5,161318,69.5,160000,28.1,35.0,81422,24.6,250024,65,42,131152,88,312136,-9999,-9999,-9999,165.0,8.5,280000,5.6,206.8,49.5,526.28,3.15,241200,0,31,31,21,0,31,8,7,4,2,0,0,5,0,19,9,3,0,0,-9999,-9999,-9999,-9999,-9999,-9999,-9999,-9999,-9999,-9999,-9999.0,-9999.0,-9999
201208,466920,2012,8,1001.7,1002.4,1010.5,172310,982.7,20454,1011.2,172310,983.4,20454,29.2,24.3,-9999,37.8,81255,24.1,310417,33.9,26.2,7.6,10.7,80000,2.5,80,9.4,90.0,241210,22.2,30,12332,518.9,107.9,16.5,121329,64.0,121325,158.0,20000,30.4,39.1,41120,25.0,260510,75,48,141442,93,230727,-9999,-9999,-9999,129.8,6.8,160000,6.9,158.7,39.7,429.09,3.05,111200,0,31,30,9,0,31,19,16,10,4,0,2,8,0,10,16,5,0,0,-9999,-9999,-9999,-9999,-9999,-9999,-9999,-9999,-9999,-9999,-9999.0,-9999.0,-9999
201209,466920,2012,9,1009.6,1010.3,1016.0,300854,1002.7,281530,1016.8,300854,1003.4,281530,27.3,21.4,-9999,35.5,101206,19.6,300357,31.2,24.6,6.6,8.9,40000,2.5,80,8.1,80.0,261556,16.6,30,281539,85.0,57.8,9.0,150757,17.0,150732,29.0,150000,25.7,35.2,131236,15.8,301736,70,53,301519,89,150804,-9999,-9999,-9999,106.3,8.1,210000,6.5,140.2,38.1,337.33,2.89,11100,0,23,18,4,0,29,11,9,3,0,0,5,4,0,14,11,5,0,0,-9999,-9999,-9999,-9999,-9999,-9999,-9999,-9999,-9999,-9999,-9999.0,-9999.0,-9999
201210,466920,2012,10,1014.2,1014.9,1019.5,190820,1008.1,31611,1020.3,190820,1008.8,31611,24.1,17.4,-9999,32.0,271346,18.9,310502,28.0,21.4,6.6,10.2,220000,2.8,80,7.4,80.0,281534,14.9,80,51450,64.0,46.5,3.0,311213,7.5,311156,39.0,310000,20.0,27.2,271302,13.5,180537,67,45,221112,86,70518,-9999,-9999,-9999,72.0,5.1,80000,5.8,154.7,43.4,343.01,2.8,131300,0,7,5,0,0,27,7,6,2,1,0,3,0,1,15,11,4,0,0,-9999,-9999,-9999,-9999,-9999,-9999,-9999,-9999,-9999,-9999,-9999.0,-9999.0,-9999
201211,466920,2012,11,1015.8,1016.6,1022.1,262100,1008.2,221417,1022.9,262100,1008.9,221417,21.2,16.2,-9999,32.1,101318,13.7,270140,24.4,18.9,5.4,11.3,100000,3.0,80,9.0,80.0,260812,16.3,80,260810,232.7,172.1,5.0,300803,21.5,220925,46.0,220000,18.5,27.4,221339,12.9,70451,74,49,101241,97,221046,-9999,-9999,-9999,54.0,3.7,70000,7.9,80.9,24.7,195.61,2.4,31300,0,0,1,0,0,13,15,13,7,3,0,11,0,0,4,13,13,0,0,-9999,-9999,-9999,-9999,-9999,-9999,-9999,-9999,-9999,-9999,-9999.0,-9999.0,-9999
201212,466920,2012,12,1018.6,1019.4,1028.5,232058,1010.5,291434,1029.3,232058,1011.2,291434,17.8,13.7,-9999,27.8,151345,8.6,302104,21.0,15.5,5.5,11.0,140000,2.9,80,9.2,80.0,61059,16.7,80,61050,189.4,177.6,5.8,300046,9.3,300046,40.0,10000,16.0,23.8,161149,7.0,302158,77,56,141256,93,20748,-9999,-9999,-9999,38.6,2.1,200000,8.2,74.1,22.7,159.52,2.17,71200,0,0,0,0,2,0,18,10,7,3,0,14,1,0,6,7,18,0,0,-9999,-9999,-9999,-9999,-9999,-9999,-9999,-9999,-9999,-9999,-9999.0,-9999.0,-9999
201301,466920,2013,1,1020.3,1021.1,1031.0,180855,1010.4,130433,1031.8,180855,1011.2,130433,16.7,12.0,-9999,27.0,311451,11.6,180704,19.9,14.3,5.6,13.2,310000,2.6,80,8.6,80.0,281319,16.4,90,281313,93.0,171.4,2.5,121237,7.5,121202,20.5,120000,14.2,20.6,211325,8.4,180038,75,42,311429,91,51024,-9999,-9999,-9999,41.5,3.2,240000,7.8,79.1,23.7,186.92,2.4,301300,0,0,0,0,0,0,13,11,5,0,0,13,0,0,6,8,17,0,-9999,-9999,-9999,-9999,-9999,-9999,-9999,-9999,-9999,-9999,-9999,-9999.0,-9999.0,-9999
201302,466920,2013,2,1018.5,1019.3,1026.4,230945,1010.3,181449,1027.2,230945,1011.0,181449,18.8,14.1,-9999,28.8,41229,13.0,90104,22.3,16.0,6.3,11.0,40000,2.6,80,8.9,80.0,61232,16.6,80,61256,34.4,66.7,4.5,271324,14.5,271256,30.0,270000,16.2,24.1,41321,11.9,200006,75,46,261713,86,220550,-9999,-9999,-9999,48.1,3.6,250000,8.1,69.9,22.1,204.44,2.4,281300,0,0,0,0,0,0,5,3,1,1,0,8,0,0,6,9,13,0,-9999,-9999,-9999,-9999,-9999,-9999,-9999,-9999,-9999,-9999,-9999,-9999.0,-9999.0,-9999
201303,466920,2013,3,1015.8,1016.6,1025.8,21031,1005.9,181421,1026.6,21031,1006.6,181421,19.9,13.9,-9999,29.9,181316,10.4,40546,24.3,16.7,7.7,14.8,130000,2.6,80,8.3,80.0,211235,16.7,90,202106,49.1,69.3,3.5,281910,11.5,281910,18.0,280000,16.3,25.2,201112,9.2,40353,69,32,71522,84,310529,-9999,-9999,-9999,74.3,5.0,80000,7.0,117.7,32.1,296.06,2.51,161200,0,0,0,0,0,3,11,7,2,0,0,7,1,2,8,9,12,0,-9999,-9999,-9999,-9999,-9999,-9999,-9999,-9999,-9999,-9999,-9999,-9999.0,-9999.0,-9999
201304,466920,2013,4,1012.3,1013.1,1021.5,121011,1000.3,51435,1022.3,121011,1001.0,51435,21.1,16.2,-9999,32.6,301451,13.4,121629,24.6,18.0,6.6,15.9,150000,2.1,80,8.1,80.0,30923,15.4,70,71410,253.0,197.5,5.5,51048,9.5,51045,33.0,120000,18.7,28.6,181512,9.9,70340,74,50,151342,95,50828,-9999,-9999,-9999,54.6,4.1,150000,8.7,53.6,14.0,211.35,3.0,291200,0,4,5,0,0,9,21,20,11,3,0,13,2,0,4,9,17,0,-9999,-9999,-9999,-9999,-9999,-9999,-9999,-9999,-9999,-9999,-9999,-9999.0,-9999.0,-9999
201305,466920,2013,5,1008.5,1009.2,1015.8,42101,1001.4,191553,1016.6,42101,1002.1,191553,26.0,20.4,-9999,36.1,301226,14.4,11148,30.0,23.4,6.5,10.4,270000,1.9,80,7.0,80.0,10954,14.6,80,11102,338.4,96.5,13.5,221514,35.0,110432,155.5,110000,24.3,32.4,301305,13.2,21651,72,48,301226,95,130716,-9999,-9999,-9999,73.8,5.9,300000,7.8,77.4,18.6,368.64,4.01,251300,0,23,17,4,0,28,16,11,7,3,0,7,8,0,5,16,10,0,-9999,-9999,-9999,-9999,-9999,-9999,-9999,-9999,-9999,-9999,-9999,-9999.0,-9999.0,-9999
201306,466920,2013,6,1005.3,1006.0,1012.3,51127,998.5,81518,1013.1,51128,999.2,81518,29.2,22.8,-9999,36.7,271048,22.9,41210,33.6,26.1,7.5,10.4,80000,1.8,90,8.1,999.9,41213,19.0,280,41206,203.1,48.5,28.5,41201,56.5,231540,68.5,230000,27.8,34.0,281351,21.3,41211,69,48,81157,86,120417,-9999,-9999,-9999,106.7,6.4,270000,7.3,107.9,26.4,529.67,3.92,291200,0,30,27,9,0,30,15,11,7,2,0,1,8,0,7,19,4,0,-9999,-9999,-9999,-9999,-9999,-9999,-9999,-9999,-9999,-9999,-9999,-9999.0,-9999.0,-9999
201307,466920,2013,7,1007.0,1007.7,1012.7,80658,956.4,130338,1013.4,80658,957.1,130338,29.5,22.8,-9999,37.9,301246,24.2,130501,34.8,26.2,8.6,11.2,70000,1.7,160,14.7,80.0,130425,33.8,50,130332,240.5,42.0,14.5,71441,29.5,61416,63.5,130000,27.7,34.2,21215,22.5,172004,68,46,301222,100,130821,-9999,-9999,-9999,129.0,6.1,290000,6.0,156.7,37.5,604.21,4.12,171200,0,31,30,17,0,31,11,11,8,2,1,2,10,0,18,12,1,0,-9999,-9999,-9999,-9999,-9999,-9999,-9999,-9999,-9999,-9999,-9999,-9999.0,-9999.0,-9999
201308,466920,2013,8,1004.6,1005.3,1013.1,32144,978.9,211810,1013.8,32144,979.6,211810,29.6,22.8,-9999,39.3,81358,24.5,312109,34.3,26.5,7.8,11.8,80000,1.8,160,8.4,120.0,11931,16.7,110,11929,808.7,108.2,18.0,141605,67.0,231456,219.5,210000,27.8,34.8,221054,22.8,300045,68,45,81243,92,231835,-9999,-9999,-9999,107.4,7.6,120000,6.0,159.6,39.7,543.07,3.93,121200,0,31,26,15,0,31,13,11,9,8,0,6,6,0,16,8,7,0,-9999,-9999,-9999,-9999,-9999,-9999,-9999,-9999,-9999,-9999,-9999,-9999.0,-9999.0,-9999
201309,466920,2013,9,1008.6,1009.3,1014.9,260927,995.8,220422,1015.7,260927,996.5,220422,27.9,21.0,-9999,35.8,141141,21.2,20309,31.5,25.5,6.0,9.6,30000,3.3,90,9.2,90.0,211846,20.9,80,211541,143.1,94.9,8.5,210512,16.0,210506,43.5,210000,25.0,31.1,141141,17.6,30413,67,48,241238,87,272029,-9999,-9999,-9999,118.6,6.9,120000,5.3,194.1,52.8,552.53,4.12,151200,0,29,22,3,0,30,10,9,5,2,0,4,2,0,19,6,5,0,-9999,-9999,-9999,-9999,-9999,-9999,-9999,-9999,-9999,-9999,-9999,-9999.0,-9999.0,-9999
201310,466920,2013,10,1013.4,1014.1,1021.7,160922,997.0,61408,1022.5,160922,997.7,61408,24.2,17.8,-9999,32.2,81450,17.8,270420,27.3,22.2,5.1,8.2,280000,2.6,80,8.6,300.0,61122,21.2,320,61116,102.4,105.6,3.0,60010,10.0,60011,51.5,60000,20.6,30.0,71113,13.5,260758,68,50,161204,84,70323,-9999,-9999,-9999,74.0,3.9,140000,7.4,97.1,27.5,344.14,3.48,131200,0,11,3,0,0,26,12,8,3,1,0,3,0,0,9,12,10,0,-9999,-9999,-9999,-9999,-9999,-9999,-9999,-9999,-9999,-9999,-9999,-9999.0,-9999.0,-9999
201311,466920,2013,11,1017.7,1018.5,1026.9,290900,1010.1,241424,1027.7,290900,1010.8,241424,21.2,14.9,-9999,31.6,91344,11.7,290433,24.2,19.0,5.3,11.2,300000,3.1,80,8.3,80.0,11211,15.4,70,11211,46.0,77.8,2.0,250107,6.5,250031,17.5,250000,17.5,26.8,11326,7.8,291650,68,43,301330,83,280229,-9999,-9999,-9999,60.9,6.0,220000,7.1,90.7,28.0,283.02,3.0,231200,0,5,3,0,0,12,11,9,1,0,0,8,0,1,8,12,9,0,-9999,-9999,-9999,-9999,-9999,-9999,-9999,-9999,-9999,-9999,-9999,-9999.0,-9999.0,-9999
201312,466920,2013,12,1019.2,1020.0,1026.7,240932,1009.4,161345,1027.5,240932,1010.1,161345,16.4,11.0,-9999,26.4,81356,9.9,280446,18.7,14.4,4.4,10.2,40000,2.6,80,6.7,80.0,151337,14.2,60,11442,229.7,249.8,3.0,180314,11.5,150953,58.0,170000,13.3,22.1,161331,7.7,271556,71,44,31124,86,151553,-9999,-9999,-9999,40.7,3.4,30000,8.4,57.6,17.5,168.44,2.54,81300,0,0,0,0,1,0,20,16,7,2,0,18,0,2,2,6,21,0,-9999,-9999,-9999,-9999,-9999,-9999,-9999,-9999,-9999,-9999,-9999,-9999.0,-9999.0,-9999
201401,466920,2014,1,1021.1,1021.9,1030.5,182107,1011.3,31419,1031.3,182107,1012.1,31419,16.8,9.3,-9999,26.8,301357,10.3,220346,20.8,13.6,7.2,13.5,250000,2.3,80,6.6,110.0,311418,14.5,110,191312,21.8,49.8,2.5,81304,4.5,81255,11.5,140000,11.9,18.3,31058,6.8,220038,62,33,251258,93,141144,-9999,-9999,-9999,61.9,3.8,190000,5.3,144.5,43.3,313.17,3.0,231300,0,0,0,0,0,0,5,3,1,0,0,6,0,1,19,5,6,0,-9999,-9999,-9999,-9999,-9999,-9999,-9999,-9999,-9999,-9999,-9999,-9999.0,-9999.0,-9999
201402,466920,2014,2,1017.7,1018.5,1028.7,202125,1007.0,21522,1029.5,202125,1007.7,21522,16.5,11.1,-9999,27.5,281257,7.8,110233,20.0,13.9,6.1,12.4,170000,2.0,80,6.9,80.0,271211,13.8,80,211652,198.0,199.1,2.5,91235,6.5,90325,84.5,90000,13.4,19.7,281320,7.5,202252,71,39,11506,93,110233,-9999,-9999,-9999,41.4,4.8,230000,7.5,81.2,25.7,243.95,3.14,241300,2,0,0,0,3,0,14,12,7,1,0,12,0,1,8,7,12,0,-9999,-9999,-9999,-9999,-9999,-9999,-9999,-9999,-9999,-9999,-9999,-9999.0,-9999.0,-9999
201403,466920,2014,3,1017.5,1018.3,1025.6,142054,1005.5,291427,1026.4,142054,1006.2,291427,18.9,13.6,-9999,32.3,281146,11.8,210628,22.5,16.3,6.2,10.9,180000,2.3,80,7.4,90.0,221500,14.1,100,101157,147.0,131.2,7.0,291958,18.0,130401,21.5,130000,16.2,29.8,291126,8.8,141546,72,46,301403,94,310731,-9999,-9999,-9999,76.6,8.3,240000,7.8,66.9,17.8,286.31,3.41,241200,0,3,4,0,0,6,14,14,9,0,0,12,4,0,8,9,14,0,-9999,-9999,-9999,-9999,-9999,-9999,-9999,-9999,-9999,-9999,-9999,-9999.0,-9999.0,-9999
201404,466920,2014,4,1013.4,1014.2,1020.7,60748,1007.7,121532,1021.5,60748,1008.4,121532,22.5,18.0,-9999,33.3,181159,16.7,50556,26.6,19.9,6.7,12.9,130000,2.4,80,8.2,80.0,61646,14.4,70,61436,98.1,80.4,8.5,261639,17.5,261611,35.0,260000,20.9,34.2,260924,12.9,42157,77,36,51526,100,260742,-9999,-9999,-9999,80.7,6.4,280000,7.0,99.5,26.2,388.88,3.6,211200,0,7,8,0,0,16,12,10,2,2,0,9,1,0,10,13,7,0,-9999,-9999,-9999,-9999,-9999,-9999,-9999,-9999,-9999,-9999,-9999,-9999.0,-9999.0,-9999
201405,466920,2014,5,1009.6,1010.4,1019.8,52135,999.9,141602,1020.6,52135,1000.6,141602,25.2,21.4,-9999,35.6,141121,15.1,60211,29.2,22.4,6.8,11.2,140000,1.7,80,8.4,260.0,141259,17.4,280,141358,634.7,174.2,16.0,202046,71.0,202246,242.0,210000,25.8,34.2,171517,13.4,52223,81,46,141202,100,210017,-9999,-9999,-9999,54.0,4.0,20000,8.4,45.9,11.1,320.54,3.63,141200,0,17,14,1,0,25,21,18,8,5,0,6,7,0,3,18,10,0,-9999,-9999,-9999,-9999,-9999,-9999,-9999,-9999,-9999,-9999,-9999,-9999.0,-9999.0,-9999
201406,466920,2014,6,1004.0,1004.7,1010.1,302141,998.7,100312,1010.8,302141,999.4,100312,28.0,23.3,-9999,36.3,171421,23.1,60538,32.2,25.5,6.8,10.2,170000,1.7,80,7.5,80.0,131641,14.2,270,171037,384.4,96.4,19.0,292328,36.0,60046,79.5,60000,28.7,36.3,301302,21.6,120539,76,51,131412,92,70835,-9999,-9999,-9999,76.7,4.7,170000,7.8,57.4,14.0,363.11,3.58,121200,0,30,24,3,0,30,20,15,10,5,0,3,8,0,3,18,9,0,-9999,-9999,-9999,-9999,-9999,-9999,-9999,-9999,-9999,-9999,-9999,-9999.0,-9999.0,-9999
201407,466920,2014,7,1004.5,1005.2,1011.3,260751,987.7,230341,1012.0,260751,988.4,230341,30.5,23.9,-9999,37.8,131215,24.4,260402,35.2,27.2,8.0,10.8,20000,2.1,70,11.3,100.0,230459,26.5,90,230631,222.1,55.4,17.0,310503,33.0,310428,54.5,250000,29.7,37.4,151200,23.5,280617,68,45,211347,86,310526,-9999,-9999,-9999,137.4,6.8,270000,5.1,178.3,42.7,609.31,3.94,181300,0,31,30,21,0,31,9,8,6,3,1,1,8,0,20,10,1,0,-9999,-9999,-9999,-9999,-9999,-9999,-9999,-9999,-9999,-9999,-9999,-9999.0,-9999.0,-9999
201408,466920,2014,8,1006.1,1006.8,1013.8,280045,994.2,11502,1014.5,280045,994.9,11502,30.2,23.5,-9999,37.7,21310,24.7,191650,35.2,27.0,8.2,10.8,140000,1.6,150,6.5,270.0,141445,13.1,290,11050,84.0,22.0,9.0,131357,27.0,131324,33.5,130000,29.0,36.5,71222,22.9,231833,68,45,291246,86,200011,-9999,-9999,-9999,125.4,7.4,260000,5.6,171.3,42.8,548.35,3.6,291300,0,31,31,20,0,31,10,8,3,1,0,0,8,0,18,13,0,0,-9999,-9999,-9999,-9999,-9999,-9999,-9999,-9999,-9999,-9999,-9999,-9999.0,-9999.0,-9999
201409,466920,2014,9,1007.8,1008.5,1014.4,270811,995.9,211426,1015.1,270811,996.6,211426,29.7,23.7,-9999,37.8,161315,23.7,290537,34.6,26.7,8.0,10.6,290000,2.5,80,9.8,100.0,151145,20.2,90,151143,198.9,37.4,11.0,220442,44.5,220408,97.5,220000,29.3,37.1,161340,21.8,290523,71,43,51339,97,240522,-9999,-9999,-9999,136.4,7.9,170000,5.4,201.9,55.1,547.36,3.6,281200,0,30,29,16,0,30,7,6,4,2,0,0,5,0,17,11,2,0,-9999,-9999,-9999,-9999,-9999,-9999,-9999,-9999,-9999,-9999,-9999,-9999.0,-9999.0,-9999
201410,466920,2014,10,1013.9,1015.3,1021.0,160844,1006.7,101428,1021.8,160844,1007.4,101428,24.7,19.0,-9999,33.7,211314,17.5,160457,28.1,22.3,5.8,10.6,200000,2.7,80,7.3,80.0,271159,14.7,80,271151,25.5,49.0,3.0,90718,6.0,90656,11.0,90000,22.2,30.6,211215,14.8,160613,71,51,161228,90,101255,-9999,-9999,-9999,85.2,5.1,290000,5.8,125.3,35.5,382.67,3.01,141200,0,14,8,0,0,27,6,3,1,0,0,2,0,0,14,13,4,0,-9999,-9999,-9999,-9999,-9999,-9999,-9999,-9999,-9999,-9999,-9999,-9999.0,-9999.0,-9999
201411,466920,2014,11,1014.3,1017.9,1021.3,182043,1007.2,301442,1024.9,182043,1010.7,301442,22.3,17.5,-9999,31.6,291341,16.8,180115,25.4,19.9,5.5,9.6,210000,2.5,80,6.6,80.0,101258,12.9,70,261512,46.0,81.6,2.0,90906,5.0,90840,14.0,130000,20.2,29.3,291134,14.3,190056,75,53,241239,91,160824,-9999,-9999,-9999,53.8,4.5,260000,6.7,99.3,30.6,263.07,2.99,11200,0,4,4,0,0,15,8,8,1,0,0,9,0,0,10,11,9,0,-9999,-9999,-9999,-9999,-9999,-9999,-9999,-9999,-9999,-9999,-9999,-9999.0,-9999.0,-9999
201412,466920,2014,12,1019.5,1023.2,1028.6,170908,1011.0,31809,1032.3,170908,1014.5,31809,16.5,10.9,-9999,24.9,31111,11.0,171623,19.4,14.3,5.1,10.8,310000,2.8,80,7.7,70.0,61323,15.9,90,61319,86.8,153.1,3.5,40202,9.5,40139,27.0,40000,13.4,23.8,101240,7.1,170836,70,40,291521,95,280454,-9999,-9999,-9999,49.3,3.9,140000,7.9,60.5,18.5,185.07,2.49,221300,0,0,0,0,0,0,14,12,3,0,0,15,0,1,5,10,15,0,-9999,-9999,-9999,-9999,-9999,-9999,-9999,-9999,-9999,-9999,-9999,-9999.0,-9999.0,-9999
201501,466920,2015,1,1018.7,1022.4,1027.1,10903,1010.3,61323,1030.8,10903,1013.8,61323,16.7,10.3,-9999,24.8,241447,10.3,230436,19.9,14.2,5.7,13.2,240000,2.8,80,7.7,80.0,191241,15.0,70,190910,20.0,51.2,1.0,270219,3.5,140210,10.0,270000,12.7,19.0,291416,7.5,11631,67,39,231446,91,140409,-9999,-9999,-9999,56.5,3.8,90000,6.9,95.7,28.8,261.66,2.41,241300,0,0,0,0,0,0,6,5,1,0,0,9,0,1,8,13,9,0,-9999,-9999,-9999,-9999,-9999,-9999,-9999,-9999,-9999,-9999,-9999,-9999.0,-9999.0,-9999
201502,466920,2015,2,1016.8,1020.4,1026.0,90932,1008.6,251627,1029.7,90932,1012.1,251627,17.3,12.0,-9999,27.6,151154,9.8,90603,21.1,14.6,6.5,13.3,130000,2.3,80,8.1,70.0,191543,14.6,60,271308,90.0,77.9,8.5,240622,21.0,240324,55.5,240000,14.4,22.8,251244,7.1,121738,72,34,121245,93,272327,-9999,-9999,-9999,58.0,4.5,170000,7.7,78.9,25.0,270.66,3.0,271200,0,0,0,0,1,0,11,10,2,1,0,10,0,0,5,13,10,0,-9999,-9999,-9999,-9999,-9999,-9999,-9999,-9999,-9999,-9999,-9999,-9999.0,-9999.0,-9999
201503,466920,2015,3,1015.5,1019.1,1026.0,252011,1005.4,181434,1029.7,252011,1008.8,181434,18.9,15.4,-9999,31.7,311156,11.4,110118,22.7,16.2,6.5,13.7,290000,2.3,80,7.2,80.0,230639,14.5,70,241821,182.0,159.2,3.5,231212,9.5,231208,48.5,230000,17.8,27.8,201122,10.9,11425,80,47,181144,97,270506,-9999,-9999,-9999,58.3,4.5,180000,7.8,89.3,24.0,281.66,3.6,291300,0,2,4,0,0,7,13,12,7,3,0,14,1,0,6,11,14,0,-9999,-9999,-9999,-9999,-9999,-9999,-9999,-9999,-9999,-9999,-9999,-9999.0,-9999.0,-9999
201504,466920,2015,4,1011.2,1014.7,1019.9,80950,1000.3,200408,1023.6,80950,1003.8,200408,22.7,17.9,-9999,34.5,61456,13.6,150555,27.1,19.5,7.5,15.0,150000,2.3,80,8.6,70.0,71006,17.6,80,201949,87.6,82.9,4.7,202131,9.7,202045,21.2,110000,21.1,31.1,190944,7.3,151111,75,20,151111,99,120744,-9999,-9999,-9999,91.5,6.6,300000,7.1,112.9,29.8,446.99,3.6,301300,0,12,14,0,0,15,10,9,4,0,0,8,3,0,9,14,7,0,-9999,-9999,-9999,-9999,-9999,-9999,-9999,-9999,-9999,-9999,-9999,-9999.0,-9999.0,-9999
201505,466920,2015,5,1006.1,1009.5,1012.1,211003,998.3,281603,1015.7,211003,1001.7,281603,26.1,21.8,-9999,36.5,301345,18.1,50411,30.1,23.2,6.9,12.1,130000,1.7,80,7.1,80.0,101220,14.4,80,101231,302.8,148.8,9.0,120437,38.6,120348,61.9,120000,26.4,36.1,291422,11.5,122031,78,43,122031,99,240508,-9999,-9999,-9999,87.3,5.0,180000,7.8,82.1,19.9,376.46,3.75,281200,0,18,16,5,0,28,18,15,7,4,0,9,2,0,6,16,9,0,-9999,-9999,-9999,-9999,-9999,-9999,-9999,-9999,-9999,-9999,-9999,-9999.0,-9999.0,-9999
201506,466920,2015,6,1004.3,1007.8,1008.2,142230,998.4,301645,1011.7,142230,1001.8,301645,30.0,24.5,-9999,37.1,191254,24.5,211722,35.0,26.5,8.5,10.4,210000,1.5,160,8.0,90.0,131504,15.5,120,131457,248.3,38.5,23.5,211653,54.0,141442,65.8,140000,30.8,37.1,131228,25.2,131511,73,47,51233,93,211656,-9999,-9999,-9999,128.2,7.5,80000,6.4,146.9,35.9,557.45,3.67,191300,0,30,30,19,0,30,9,6,5,4,0,1,9,0,12,17,1,0,-9999,-9999,-9999,-9999,-9999,-9999,-9999,-9999,-9999,-9999,-9999,-9999.0,-9999.0,-9999
201507,466920,2015,7,1001.2,1004.6,1010.0,310743,986.9,110208,1013.5,310743,990.3,110208,30.0,24.1,-9999,37.5,21502,24.2,281918,34.9,26.8,8.1,12.5,280000,2.0,80,7.8,260.0,110247,19.0,350,101342,316.8,55.7,22.5,231333,53.0,231319,91.0,100000,30.1,37.6,131219,24.6,281313,72,43,281226,92,231422,-9999,-9999,-9999,147.1,8.5,260000,5.8,169.4,40.6,606.46,3.9,51200,0,31,30,17,0,31,13,12,6,4,0,1,8,0,20,10,1,0,-9999,-9999,-9999,-9999,-9999,-9999,-9999,-9999,-9999,-9999,-9999,-9999.0,-9999.0,-9999
201508,466920,2015,8,1002.3,1005.7,1010.3,20759,970.8,80833,1013.8,20759,974.1,80833,28.6,23.8,-9999,36.2,131139,23.9,80527,33.1,25.8,7.3,11.0,130000,2.2,80,15.9,80.0,80620,39.2,90,80525,728.2,141.2,18.0,181559,52.0,80333,306.7,80000,29.5,39.4,81403,24.0,162024,76,48,201356,100,80343,-9999,-9999,-9999,93.1,8.8,20000,6.7,121.8,30.2,462.42,3.64,211200,0,31,27,9,0,31,23,22,13,5,1,5,6,0,11,18,2,-9999,-9999,-9999,-9999,-9999,-9999,-9999,-9999,-9999,-9999,-9999,-9999,-9999.0,-9999.0,-9999
201509,466920,2015,9,1006.8,1010.2,1013.8,172147,982.7,281716,1017.3,172147,986.1,281716,27.4,22.1,-9999,36.6,61405,22.4,190524,31.5,24.7,6.8,10.2,60000,2.3,60,14.4,10.0,281713,37.1,20,281656,309.9,87.7,14.4,281944,37.9,281739,203.9,280000,26.8,37.1,301405,19.4,110405,74,48,191308,91,300245,-9999,-9999,-9999,98.1,6.5,90000,6.3,151.2,41.2,462.3,3.6,181200,0,29,26,3,0,30,14,10,5,2,2,2,2,0,14,12,4,0,-9999,-9999,-9999,-9999,-9999,-9999,-9999,-9999,-9999,-9999,-9999,-9999.0,-9999.0,-9999
201510,466920,2015,10,1011.5,1015.0,1020.7,310850,1002.3,201412,1024.3,310850,1005.8,201412,25.2,21.0,-9999,34.3,31209,20.4,110512,28.3,23.3,5.0,8.9,270000,3.1,60,7.9,60.0,171515,15.5,50,251335,135.3,91.1,15.5,20247,54.0,20221,58.8,20000,25.1,36.7,11210,16.5,130007,78,56,131445,95,240118,-9999,-9999,-9999,92.5,6.1,130000,6.6,111.6,31.3,373.57,3.58,41200,0,13,8,0,0,31,11,8,3,2,0,7,1,0,13,9,9,0,-9999,-9999,-9999,-9999,-9999,-9999,-9999,-9999,-9999,-9999,-9999,-9999.0,-9999.0,-9999
201511,466920,2015,11,1014.7,1018.3,1024.1,270842,1008.9,161506,1027.8,270842,1012.3,161506,23.5,19.6,-9999,33.1,171354,13.5,262232,26.9,21.2,5.7,10.4,170000,2.9,60,7.8,50.0,221300,15.7,50,221257,22.6,52.0,2.8,111320,5.6,111304,8.6,110000,23.3,33.2,71255,9.3,261850,79,53,171357,93,40928,-9999,-9999,-9999,66.7,3.9,100000,6.6,107.2,33.0,308.63,2.84,61300,0,9,8,0,0,22,9,6,0,0,0,6,0,0,11,11,8,0,-9999,-9999,-9999,-9999,-9999,-9999,-9999,-9999,-9999,-9999,-9999,-9999.0,-9999.0,-9999
201512,466920,2015,12,1017.9,1021.5,1026.5,281024,1007.4,100328,1030.2,281024,1011.0,100328,18.9,15.1,-9999,30.5,221401,11.3,171629,21.5,17.0,4.5,11.7,220000,2.9,60,8.1,60.0,191008,15.0,50,191207,75.7,114.6,5.0,100412,15.5,100357,28.5,100000,17.6,26.3,241106,8.1,171651,79,53,171059,97,100317,-9999,-9999,-9999,44.0,2.6,130000,8.5,39.3,12.0,182.96,2.4,221300,0,0,1,0,0,3,11,8,3,0,0,15,0,0,2,13,16,0,-9999,-9999,-9999,-9999,-9999,-9999,-9999,-9999,-9999,-9999,-9999,-9999.0,-9999.0,-9999
201601,466920,2016,1,1017.8,1021.5,1033.5,240901,1004.4,171404,1037.3,240901,1008.0,171404,16.2,13.4,-9999,24.5,51215,4.0,240519,18.5,14.2,4.2,11.3,260000,2.1,60,7.7,50.0,311400,15.5,70,311305,256.0,227.3,4.1,60717,13.5,60704,36.5,230000,15.9,27.6,51028,5.3,250354,84,58,250354,100,300849,-9999,-9999,-9999,35.4,2.6,90000,9.1,27.1,8.2,149.47,2.77,261300,2,0,0,0,4,0,20,17,8,4,0,17,0,0,1,7,23,0,-9999,-9999,-9999,-9999,-9999,-9999,-9999,-9999,-9999,-9999,-9999,-9999.0,-9999.0,-9999
201602,466920,2016,2,1019.4,1023.1,1028.6,250849,1006.8,131401,1032.3,250849,1010.2,131401,15.5,11.7,-9999,30.5,131338,6.1,80535,19.0,12.8,6.2,15.1,100000,2.2,60,7.5,60.0,211233,15.8,70,291135,78.9,232.9,2.0,20330,4.5,20325,14.0,10000,14.1,25.5,131037,6.7,81235,80,29,81237,100,280758,-9999,-9999,-9999,42.7,3.4,290000,7.8,80.1,24.6,206.73,3.0,281300,0,0,1,0,5,0,17,12,3,0,0,16,0,2,5,4,18,0,-9999,-9999,-9999,-9999,-9999,-9999,-9999,-9999,-9999,-9999,-9999,-9999.0,-9999.0,-9999
201603,466920,2016,3,1015.1,1018.7,1025.9,10002,1005.6,81808,1029.6,10002,1009.1,81808,17.5,12.7,-9999,29.4,51346,9.4,280553,21.2,14.7,6.5,14.4,290000,2.0,60,7.3,60.0,11531,15.2,60,11204,285.7,245.4,10.5,190922,15.5,190921,45.0,100000,15.1,22.9,181219,7.8,281059,75,33,291150,100,90632,-9999,-9999,-9999,50.9,5.8,60000,8.0,90.3,24.6,286.97,3.6,281300,0,0,0,0,2,1,19,15,11,3,0,12,4,0,5,9,17,0,-9999,-9999,-9999,-9999,-9999,-9999,-9999,-9999,-9999,-9999,-9999,-9999.0,-9999.0,-9999
201604,466920,2016,4,1009.2,1012.7,1018.0,190835,999.5,131315,1021.6,190835,1003.0,131315,24.0,19.3,-9999,33.2,231112,17.1,181623,28.7,21.0,7.7,11.9,200000,1.7,60,7.6,50.0,191151,17.0,310,180447,184.4,112.7,17.0,270229,36.0,270225,56.3,130000,22.6,30.7,250923,14.0,290518,76,44,61230,100,160728,-9999,-9999,-9999,64.3,4.9,290000,8.1,81.9,21.5,366.1,3.6,191300,0,12,13,0,0,21,14,13,5,2,0,5,3,0,5,9,16,0,-9999,-9999,-9999,-9999,-9999,-9999,-9999,-9999,-9999,-9999,-9999,-9999.0,-9999.0,-9999
201605,466920,2016,5,1007.5,1011.0,1013.5,132207,1001.1,291526,1017.0,132207,1004.5,291526,27.1,21.3,-9999,37.3,311514,19.0,170047,32.0,24.1,7.9,12.4,60000,2.0,60,7.5,50.0,131507,14.6,50,131438,186.7,87.0,14.4,160610,57.1,160543,68.6,160000,25.6,34.4,100852,13.1,162326,71,47,291127,92,232251,-9999,-9999,-9999,93.3,5.9,290000,7.8,104.0,25.2,465.62,3.72,31200,0,25,22,6,0,28,15,11,6,1,0,5,5,0,5,16,10,0,-9999,-9999,-9999,-9999,-9999,-9999,-9999,-9999,-9999,-9999,-9999,-9999.0,-9999.0,-9999
201606,466920,2016,6,1004.6,1008.1,1012.6,292322,997.2,11625,1016.1,292322,1000.5,11625,29.4,23.6,-9999,38.7,11446,24.1,150231,35.0,26.0,9.1,12.2,170000,1.5,160,6.9,120.0,171611,14.5,270,131447,429.8,89.3,17.8,281352,36.3,281335,82.5,170000,29.2,37.6,231325,23.8,80434,72,37,11621,90,300223,-9999,-9999,-9999,117.4,6.6,10000,7.4,125.6,30.7,495.86,3.67,271200,0,30,28,21,0,30,21,17,10,8,0,3,12,0,8,14,8,0,-9999,-9999,-9999,-9999,-9999,-9999,-9999,-9999,-9999,-9999,-9999,-9999.0,-9999.0,-9999
201607,466920,2016,7,1003.5,1007.0,1009.0,210809,990.4,90431,1012.5,210809,993.8,90431,30.3,24.0,-9999,38.5,281222,23.9,181521,36.0,26.8,9.2,13.2,180000,2.0,160,8.7,50.0,81311,19.1,50,82205,174.6,55.9,18.5,101233,38.5,101217,43.7,100000,30.0,42.2,101430,23.5,281145,70,36,281146,100,120001,-9999,-9999,-9999,132.8,8.0,50000,5.6,192.7,46.2,601.47,4.05,121200,0,31,31,27,0,31,13,13,8,1,0,1,11,0,15,12,4,0,-9999,-9999,-9999,-9999,-9999,-9999,-9999,-9999,-9999,-9999,-9999,-9999.0,-9999.0,-9999
201608,466920,2016,8,1000.5,1004.0,1006.9,32155,996.4,151542,1010.4,32155,999.8,151542,30.1,23.2,-9999,37.8,41310,24.6,310531,35.2,26.8,8.4,11.3,250000,1.9,160,8.2,100.0,11030,19.6,90,11022,141.4,40.4,13.0,71022,25.0,271432,35.5,270000,28.6,39.1,71122,17.7,301508,67,38,301424,93,110724,-9999,-9999,-9999,132.9,6.5,220000,5.7,187.5,46.8,579.39,3.97,141200,0,31,31,20,0,31,14,9,6,1,0,1,3,0,16,13,2,0,-9999,-9999,-9999,-9999,-9999,-9999,-9999,-9999,-9999,-9999,-9999,-9999.0,-9999.0,-9999
201609,466920,2016,9,1003.4,1006.9,1013.1,210820,974.3,271357,1016.6,210820,977.7,271357,27.8,23.0,-9999,35.9,161206,23.6,200658,31.7,25.4,6.4,10.9,160000,2.7,60,13.6,50.0,271611,37.7,10,271357,428.5,127.2,15.5,101517,33.0,271323,181.5,270000,28.2,36.1,51410,19.9,11947,76,44,11809,100,271322,-9999,-9999,-9999,65.7,5.5,10000,7.7,90.8,24.8,360.45,3.57,241200,0,30,23,2,0,30,22,16,7,4,2,4,3,0,6,14,10,0,-9999,-9999,-9999,-9999,-9999,-9999,-9999,-9999,-9999,-9999,-9999,-9999.0,-9999.0,-9999
201610,466920,2016,10,1008.4,1011.9,1021.0,300908,999.6,210025,1024.6,300908,1003.0,210025,27.0,22.2,-9999,35.4,21224,21.4,300336,30.6,24.9,5.7,9.2,20000,2.9,50,8.3,100.0,201920,20.8,80,201936,137.6,160.6,8.7,60429,12.0,221637,22.0,90000,26.8,34.6,151239,18.6,301804,75,43,21427,92,110151,-9999,-9999,-9999,78.6,5.5,180000,6.8,132.1,37.2,391.0,3.58,31200,0,24,20,1,0,31,16,13,7,0,0,7,1,0,12,11,8,0,-9999,-9999,-9999,-9999,-9999,-9999,-9999,-9999,-9999,-9999,-9999,-9999.0,-9999.0,-9999
201611,466920,2016,11,1014.3,1017.8,1021.5,280903,1007.3,51310,1025.1,280903,1010.8,51310,22.6,17.6,-9999,32.5,131403,17.6,240522,25.9,20.4,5.6,11.6,130000,2.8,50,8.1,50.0,251120,18.6,50,12255,111.6,112.3,2.5,210212,9.0,230523,35.1,230000,20.3,27.4,141400,13.3,282029,74,45,71334,92,210537,-9999,-9999,-9999,56.2,5.1,280000,7.6,86.4,26.5,274.58,3.0,61200,0,6,7,0,0,15,11,9,5,1,0,8,0,0,6,13,11,0,-9999,-9999,-9999,-9999,-9999,-9999,-9999,-9999,-9999,-9999,-9999,-9999.0,-9999.0,-9999
201612,466920,2016,12,1016.7,1020.3,1025.9,160851,1009.2,131359,1029.6,160851,1012.7,131359,20.1,14.7,-9999,30.6,211313,12.6,280001,23.1,17.8,5.4,11.7,190000,3.2,50,8.2,50.0,241118,15.4,50,231307,16.5,66.6,1.5,220914,2.5,220830,6.0,100000,17.1,25.6,211344,9.3,160622,71,42,181208,89,220932,-9999,-9999,-9999,61.6,3.7,260000,7.0,84.8,25.9,236.92,2.43,171300,0,1,1,0,0,5,6,4,0,0,0,13,0,2,9,9,11,0,-9999,-9999,-9999,-9999,-9999,-9999,-9999,-9999,-9999,-9999,-9999,-9999.0,-9999.0,-9999
201701,466920,2017,1,1017.4,1021.0,1026.8,220928,1006.8,71439,1030.5,220928,1010.3,71439,18.3,13.5,-9999,27.3,41443,12.2,201519,21.4,16.2,5.2,10.2,270000,3.0,50,8.4,50.0,311248,15.9,40,111553,21.8,74.1,0.7,200203,2.0,140730,8.5,140000,15.8,24.7,71212,8.8,222306,74,49,221214,91,280314,-9999,-9999,-9999,53.3,4.5,260000,7.6,79.2,23.9,246.72,2.66,271300,0,0,0,0,0,3,11,5,0,0,0,13,0,0,8,9,14,0,-9999,-9999,-9999,-9999,-9999,-9999,-9999,-9999,-9999,-9999,-9999,-9999.0,-9999.0,-9999
201702,466920,2017,2,1017.9,1021.6,1028.3,140905,1008.9,41454,1032.0,140905,1012.4,41454,17.0,11.0,-9999,27.9,191353,10.4,100330,20.5,14.7,5.8,12.6,160000,2.9,50,8.6,50.0,61548,17.1,50,61547,123.7,86.3,5.2,240201,9.5,221207,44.2,240000,13.5,21.8,221121,7.1,100333,69,37,151402,89,251407,-9999,-9999,-9999,61.3,4.5,60000,7.7,70.0,22.3,249.12,3.0,191300,0,0,0,0,0,0,8,6,4,2,0,9,1,0,7,8,13,0,-9999,-9999,-9999,-9999,-9999,-9999,-9999,-9999,-9999,-9999,-9999,-9999.0,-9999.0,-9999
201703,466920,2017,3,1014.0,1017.6,1022.1,262326,1006.5,60126,1025.8,262326,1010.1,60126,18.2,13.5,-9999,29.3,301246,12.0,71903,22.0,15.4,6.5,13.2,310000,2.2,50,7.5,50.0,211548,15.3,50,211229,182.7,156.9,4.2,60135,7.9,60057,32.5,100000,15.7,24.1,181319,8.2,21758,75,42,271222,92,130912,-9999,-9999,-9999,70.3,5.6,50000,8.5,60.8,16.3,270.1,3.6,271300,0,0,0,0,0,0,18,17,7,1,0,14,0,1,3,9,18,0,-9999,-9999,-9999,-9999,-9999,-9999,-9999,-9999,-9999,-9999,-9999,-9999.0,-9999.0,-9999
201704,466920,2017,4,1010.1,1013.7,1021.4,20932,998.9,101501,1025.0,20932,1002.3,101501,22.5,15.6,-9999,35.5,101328,11.5,20453,27.0,18.8,8.2,13.1,210000,1.9,50,7.3,50.0,112151,13.9,50,112119,121.5,107.5,6.0,191230,12.5,211913,27.5,210000,18.3,29.5,191023,6.9,21335,66,26,21336,95,271935,-9999,-9999,-9999,78.0,5.8,280000,7.3,105.6,27.9,395.06,3.62,281300,0,8,8,1,0,11,13,10,7,0,0,9,0,0,9,9,12,0,-9999,-9999,-9999,-9999,-9999,-9999,-9999,-9999,-9999,-9999,-9999,-9999.0,-9999.0,-9999
201705,466920,2017,5,1007.3,1010.8,1014.1,62222,999.1,311522,1017.7,62222,1002.5,311522,25.6,20.4,-9999,35.0,111136,19.7,271518,29.7,22.8,6.9,11.7,10000,2.5,50,8.6,50.0,71659,14.5,60,71616,135.5,92.9,8.0,151455,24.0,151445,42.0,150000,24.1,32.2,311116,16.1,11745,73,42,11220,93,130306,-9999,-9999,-9999,89.7,5.3,70000,8.5,83.8,20.4,438.1,3.6,31300,0,22,16,1,0,30,16,13,4,2,0,5,3,0,3,16,12,0,-9999,-9999,-9999,-9999,-9999,-9999,-9999,-9999,-9999,-9999,-9999,-9999.0,-9999.0,-9999
201706,466920,2017,6,1004.0,1007.5,1008.7,282228,995.8,20143,1012.2,282228,999.2,20143,28.0,22.9,-9999,35.6,281354,22.0,150758,32.4,25.3,7.1,10.4,200000,1.5,160,6.3,250.0,251333,13.6,240,11429,649.7,156.0,20.5,21112,84.0,21112,163.0,20000,28.1,35.2,111131,22.7,201647,75,44,201330,95,190629,-9999,-9999,-9999,75.5,7.5,290000,8.6,83.8,20.5,387.8,3.15,91400,0,25,22,11,0,30,16,14,11,7,0,9,9,0,0,19,11,0,-9999,-9999,-9999,-9999,-9999,-9999,-9999,-9999,-9999,-9999,-9999,-9999.0,-9999.0,-9999
201707,466920,2017,7,1004.4,1007.8,1010.6,180641,975.9,292127,1014.1,180641,979.3,292127,30.3,22.4,-9999,38.0,191204,24.2,31444,35.3,26.8,8.5,10.8,30000,1.8,160,14.3,50.0,292101,41.9,60,292205,206.6,54.6,19.5,31430,30.4,91503,38.2,290000,27.3,36.5,292355,22.2,170544,64,42,201540,100,292354,-9999,-9999,-9999,106.2,7.7,160000,6.8,165.3,38.2,572.92,3.7,161300,0,31,31,20,0,31,12,12,7,2,2,0,10,0,11,16,4,-9999,-9999,-9999,-9999,-9999,-9999,-9999,-9999,-9999,-9999,-9999,-9999,-9999.0,-9999.0,-9999
201708,466920,2017,8,1003.3,1006.7,1010.3,272130,995.0,220350,1013.8,272130,998.4,220350,31.1,23.4,-9999,38.5,71357,25.4,21526,36.3,27.8,8.5,11.5,270000,2.2,50,7.7,50.0,311422,16.0,70,220852,166.2,19.8,20.5,21452,85.5,21421,101.0,20000,28.8,35.4,191339,24.7,282202,64,42,91309,91,21431,-9999,-9999,-9999,124.4,9.1,140000,6.4,208.3,52.0,467.62,3.34,141300,0,31,31,24,0,31,11,9,3,1,0,0,4,0,12,15,4,-9999,-9999,-9999,-9999,-9999,-9999,-9999,-9999,-9999,-9999,-9999,-9999,-9999.0,-9999.0,-9999
201709,466920,2017,9,1006.0,1009.5,1012.7,292146,999.9,61354,1016.2,292146,1003.3,61354,29.6,22.1,-9999,38.6,271318,23.2,180517,33.8,26.6,7.1,11.1,270000,2.0,50,7.7,50.0,121420,15.9,50,121530,175.6,77.8,8.4,81420,21.4,81348,52.5,30000,26.8,34.4,40943,17.2,180606,65,35,201131,90,40350,-9999,-9999,-9999,121.2,6.6,180000,6.7,167.3,46.0,440.33,3.04,121300,0,30,25,13,0,30,9,8,6,3,0,4,4,0,13,11,6,0,-9999,-9999,-9999,-9999,-9999,-9999,-9999,-9999,-9999,-9999,-9999,-9999.0,-9999.0,-9999
201710,466920,2017,10,1010.2,1013.7,1022.5,300758,999.7,141543,1026.1,300758,1003.2,141543,25.6,20.1,-9999,36.8,11223,18.7,302150,28.6,23.5,5.1,9.9,160000,2.8,50,8.1,50.0,61353,17.9,50,131855,368.6,156.4,12.8,121033,34.7,121025,118.2,120000,24.2,34.6,111531,12.5,300759,73,43,11144,94,160725,-9999,-9999,-9999,69.8,6.3,10000,7.9,101.0,28.2,293.23,2.97,261300,0,17,10,2,0,25,22,14,5,4,0,10,0,0,5,16,10,0,-9999,-9999,-9999,-9999,-9999,-9999,-9999,-9999,-9999,-9999,-9999,-9999.0,-9999.0,-9999
201711,466920,2017,11,1013.7,1017.3,1022.8,240856,1004.8,171336,1026.4,240856,1008.3,171336,22.5,18.1,-9999,32.4,71323,16.2,230504,25.2,20.3,4.9,8.8,280000,2.8,50,7.0,50.0,51254,14.2,50,271106,120.9,126.2,3.5,30038,11.5,130335,29.5,130000,20.9,27.9,291039,13.5,240759,77,54,101242,91,250928,-9999,-9999,-9999,58.5,5.2,280000,8.6,55.6,17.1,193.87,2.47,21200,0,8,6,0,0,17,19,15,5,0,0,13,0,0,3,8,19,0,-9999,-9999,-9999,-9999,-9999,-9999,-9999,-9999,-9999,-9999,-9999,-9999.0,-9999.0,-9999
201712,466920,2017,12,1017.9,1021.5,1027.1,200859,1009.7,231356,1030.8,200859,1013.2,231356,17.8,13.0,-9999,26.4,231318,12.7,100441,20.1,16.1,4.0,9.7,100000,3.1,50,8.0,50.0,211225,15.9,60,211204,66.9,176.0,1.1,20636,3.9,71240,22.1,70000,15.2,21.3,30839,9.5,250452,74,46,231152,95,310552,-9999,-9999,-9999,45.4,4.0,220000,8.3,56.4,17.3,179.95,2.4,231200,0,0,0,0,0,0,18,13,2,0,0,16,0,0,3,11,17,0,-9999,-9999,-9999,-9999,-9999,-9999,-9999,-9999,-9999,-9999,-9999,-9999.0,-9999.0,-9999
201801,466920,2018,1,1015.8,1019.4,1027.9,120959,1008.0,81425,1031.6,120959,1011.6,81425,16.9,12.9,-9999,26.6,161347,8.6,120401,19.8,14.6,5.2,12.1,160000,3.0,50,7.8,50.0,251407,15.5,50,261401,255.8,189.0,5.0,80943,12.6,80926,76.1,80000,15.3,23.4,81407,6.4,101615,79,40,101532,99,81254,-9999,-9999,-9999,56.4,4.1,100000,7.7,78.6,23.7,233.71,2.45,271300,0,0,0,0,3,0,13,12,7,2,0,11,0,0,6,12,13,0,-9999,-9999,-9999,-9999,-9999,-9999,-9999,-9999,-9999,-9999,-9999,-9999.0,-9999.0,-9999
201802,466920,2018,2,1017.0,1020.6,1025.9,120930,1009.2,281535,1029.6,120930,1012.7,191551,15.6,11.6,-9999,29.5,151300,7.6,50507,18.5,13.4,5.1,14.8,150000,2.0,50,8.3,40.0,171503,15.7,40,171228,163.6,200.3,3.1,281344,10.6,281324,28.0,40000,14.0,20.6,281240,7.4,60956,79,33,151306,100,40604,-9999,-9999,-9999,42.2,4.3,150000,8.5,54.5,17.2,165.94,2.46,271300,2,0,0,0,4,0,15,13,6,0,0,16,0,0,5,4,19,0,-9999,-9999,-9999,-9999,-9999,-9999,-9999,-9999,-9999,-9999,-9999,-9999.0,-9999.0,-9999
201803,466920,2018,3,1013.2,1016.7,1022.0,90923,1005.1,191523,1025.7,90923,1008.6,191523,20.6,14.4,-9999,30.7,291323,11.0,100527,25.6,16.9,8.7,15.9,230000,2.3,50,7.0,70.0,11441,13.9,40,301537,37.3,52.2,1.3,200920,5.0,80333,25.3,80000,16.9,28.6,51118,8.3,91138,69,26,231321,100,10529,-9999,-9999,-9999,103.9,8.3,310000,6.2,161.1,43.3,414.96,3.0,291200,0,1,2,0,0,5,10,5,1,0,0,3,0,0,12,11,8,0,-9999,-9999,-9999,-9999,-9999,-9999,-9999,-9999,-9999,-9999,-9999,-9999.0,-9999.0,-9999
201804,466920,2018,4,1011.0,1014.5,1023.2,70955,1003.4,231645,1026.9,70955,1006.9,231645,23.5,16.6,-9999,34.3,231211,13.6,70704,28.7,20.1,8.6,13.8,90000,2.2,50,7.6,50.0,161025,15.0,50,161105,59.6,52.1,4.5,121724,12.7,121719,17.1,120000,19.3,32.4,121247,8.3,71748,66,34,101234,96,121204,-9999,-9999,-9999,101.2,6.7,100000,7.5,115.8,30.6,393.13,3.0,91200,0,13,16,0,0,17,9,7,3,0,0,2,3,0,9,9,12,0,-9999,-9999,-9999,-9999,-9999,-9999,-9999,-9999,-9999,-9999,-9999,-9999.0,-9999.0,-9999
201805,466920,2018,5,1007.4,1010.8,1016.1,100834,1001.8,181559,1019.7,100834,1005.2,181559,28.2,20.7,-9999,38.2,271117,20.0,31338,33.7,24.8,8.9,12.1,270000,2.0,190,7.5,80.0,231306,14.4,80,231358,42.0,10.3,11.9,80218,19.4,80218,32.1,80000,24.7,33.2,301057,15.5,40327,64,36,271127,88,80528,-9999,-9999,-9999,136.0,6.9,270000,7.2,137.3,33.2,474.16,3.23,101200,0,27,26,14,0,31,4,4,1,1,0,1,2,0,8,16,7,-9999,-9999,-9999,-9999,-9999,-9999,-9999,-9999,-9999,-9999,-9999,-9999,-9999.0,-9999.0,-9999
201806,466920,2018,6,1002.5,1005.9,1010.2,12148,994.0,140327,1013.7,12148,997.5,140327,28.5,22.0,-9999,37.8,281326,22.2,12101,33.3,25.6,7.7,11.7,50000,2.4,80,7.6,80.0,11458,14.3,80,11507,119.8,62.8,18.2,301410,32.0,301350,32.0,300000,26.6,39.6,61640,17.2,121424,69,36,121415,100,61632,-9999,-9999,-9999,114.5,7.0,120000,8.1,105.7,25.9,429.92,3.28,261200,0,29,26,10,0,30,13,12,4,2,0,3,9,0,3,16,11,0,-9999,-9999,-9999,-9999,-9999,-9999,-9999,-9999,-9999,-9999,-9999,-9999.0,-9999.0,-9999
201807,466920,2018,7,1000.8,1004.3,1005.8,90816,984.8,110246,1009.2,90816,988.2,110246,30.3,22.7,-9999,38.5,61334,24.9,110450,34.9,27.4,7.6,11.6,60000,2.5,80,8.9,310.0,102353,20.9,310,102339,190.3,39.4,15.0,210718,20.0,210652,71.6,110000,27.7,42.9,111239,20.8,91620,65,39,61333,100,111036,-9999,-9999,-9999,146.4,8.6,60000,6.4,186.1,44.6,547.94,3.26,181300,0,31,31,13,0,31,8,8,5,3,0,2,3,0,11,16,4,0,-9999,-9999,-9999,-9999,-9999,-9999,-9999,-9999,-9999,-9999,-9999,-9999.0,-9999.0,-9999
201808,466920,2018,8,999.2,1002.7,1009.7,310657,990.6,231538,1013.2,310657,994.0,231538,29.5,23.3,-9999,37.2,21344,24.3,310100,34.3,26.7,7.6,10.9,30000,1.7,80,8.0,90.0,31509,13.8,60,31508,186.8,53.4,12.5,171625,35.0,171605,35.0,170000,28.7,36.9,121259,24.1,71801,70,42,21316,91,121237,-9999,-9999,-9999,111.9,9.5,70000,7.6,128.0,31.7,417.23,3.24,71200,0,31,31,14,0,31,19,19,7,1,0,0,9,0,7,16,8,0,-9999,-9999,-9999,-9999,-9999,-9999,-9999,-9999,-9999,-9999,-9999,7.97,11.72,81300
201809,466920,2018,9,1005.8,1009.2,1011.7,180803,998.3,41456,1015.2,180803,1001.7,41432,28.2,22.0,-9999,37.8,171318,20.4,300445,32.4,25.4,7.0,10.9,30000,2.3,80,8.5,80.0,151750,19.7,80,151744,321.9,127.7,21.0,81739,96.5,81735,144.5,80000,26.6,35.4,61611,16.3,301628,70,41,171321,100,90207,-9999,-9999,-9999,104.1,7.2,190000,7.2,148.1,40.4,396.83,3.01,141200,0,25,24,6,0,30,18,14,7,3,0,5,5,0,8,13,9,0,-9999,-9999,-9999,-9999,-9999,-9999,-9999,-9999,-9999,-9999,-9999,7.02,10.81,131200
201810,466920,2018,10,1012.6,1016.2,1018.8,200910,1004.4,51342,1022.4,200910,1007.8,51342,23.3,17.6,-9999,31.2,11203,16.1,290441,26.4,21.0,5.3,10.3,290000,2.7,90,8.8,90.0,301300,16.9,90,301020,125.1,142.5,6.9,101757,10.5,101757,31.3,170000,20.4,29.1,91011,11.4,291555,71,30,11150,92,110305,-9999,-9999,-9999,77.3,6.4,20000,7.3,103.8,29.4,290.66,3.0,11200,0,5,4,0,0,25,19,16,3,1,0,9,-9999,2,7,8,14,0,-9999,-9999,-9999,-9999,-9999,-9999,-9999,-9999,-9999,-9999,-9999,4.83,7.8,11200
201811,466920,2018,11,1014.5,1018.0,1020.9,290943,1008.5,121435,1024.5,290943,1012.0,121435,22.7,17.6,-9999,30.8,71219,16.8,230400,25.6,20.7,4.9,8.5,110000,2.8,80,7.6,90.0,141318,14.6,80,141100,64.4,116.0,1.5,230742,3.7,21651,15.6,20000,20.3,28.4,51026,14.0,251416,74,40,251234,91,190536,-9999,-9999,-9999,57.0,4.3,290000,7.5,91.0,28.0,248.54,2.4,301200,0,3,3,0,0,20,13,11,3,0,0,8,-9999,0,7,10,13,0,-9999,-9999,-9999,-9999,-9999,-9999,-9999,-9999,-9999,-9999,-9999,4.02,6.34,151200
201812,466920,2018,12,1017.3,1020.9,1028.1,290807,1008.4,261256,1031.8,290807,1011.9,251439,19.5,14.6,-9999,30.5,21327,12.3,180233,22.6,17.0,5.6,12.4,200000,3.0,80,7.7,80.0,151138,14.9,80,291453,54.4,165.7,2.0,230951,5.5,231730,20.0,230000,16.9,24.6,61117,9.2,171700,75,33,31225,93,310556,-9999,-9999,-9999,47.1,4.8,10000,7.2,91.1,27.8,218.47,2.4,181200,0,0,3,0,0,3,16,10,2,0,0,16,-9999,3,5,7,16,0,-9999,-9999,-9999,-9999,-9999,-9999,-9999,-9999,-9999,-9999,-9999,3.44,5.9,151200
201901,466920,2019,1,1018.5,1022.1,1026.2,10902,1012.5,111457,1029.9,10902,1016.0,111457,18.5,13.8,-9999,28.6,41139,11.9,230113,21.6,16.3,5.3,12.8,310000,2.9,80,8.1,80.0,311756,15.2,70,312119,45.0,108.1,1.5,160833,2.8,160812,14.0,160000,16.0,25.5,41038,9.0,261748,74,43,301212,94,60031,-9999,-9999,-9999,56.3,3.4,290000,7.7,78.0,23.3,225.44,2.41,241300,0,0,0,0,0,2,10,9,1,0,0,12,-9999,0,7,9,15,0,-9999,-9999,-9999,-9999,-9999,-9999,-9999,-9999,-9999,-9999,-9999,3.95,6.57,291200
201902,466920,2019,2,1016.0,1019.6,1024.0,110850,1008.1,61446,1027.7,110850,1011.6,61446,18.8,14.9,-9999,31.3,71347,13.7,230544,22.4,16.5,5.8,14.1,70000,2.7,90,7.8,70.0,261647,14.2,60,261642,64.1,62.3,1.2,240022,5.6,241338,53.4,240000,17.0,24.6,181231,11.7,10152,79,28,71354,96,250524,-9999,-9999,-9999,54.7,5.3,20000,8.2,55.5,17.8,216.08,2.45,121300,0,0,1,0,0,0,9,5,1,1,0,13,-9999,0,5,7,16,0,-9999,-9999,-9999,-9999,-9999,-9999,-9999,-9999,-9999,-9999,-9999,4.45,8.22,121300
201903,466920,2019,3,1012.9,1016.5,1021.0,150911,1003.7,281657,1024.6,150911,1007.2,281541,19.8,15.0,-9999,32.9,281331,12.1,72035,23.5,17.0,6.6,14.1,120000,2.6,80,8.5,80.0,41710,15.9,100,311150,184.2,163.1,4.0,292231,13.0,292216,43.5,90000,17.4,27.2,211428,8.7,151425,75,34,121305,100,100821,-9999,-9999,-9999,68.6,4.8,280000,8.0,76.3,20.6,267.69,3.0,261200,0,3,3,0,0,3,16,13,7,1,0,10,-9999,2,4,8,17,0,-9999,-9999,-9999,-9999,-9999,-9999,-9999,-9999,-9999,-9999,-9999,4.94,9.28,261200
201904,466920,2019,4,1009.1,1012.6,1020.8,11022,1001.1,301441,1024.5,11022,1004.5,301441,24.2,19.6,-9999,35.9,251320,15.2,10558,29.0,21.1,7.9,13.7,100000,2.1,80,8.2,80.0,101701,14.3,70,271216,115.1,72.2,8.5,210434,18.5,210351,33.0,210000,23.1,33.0,222251,13.5,11954,76,34,251516,100,210249,-9999,-9999,-9999,82.0,6.2,240000,7.6,105.0,27.5,340.22,3.04,251200,0,14,14,2,0,18,13,10,3,1,0,6,-9999,0,6,12,12,0,-9999,-9999,-9999,-9999,-9999,-9999,-9999,-9999,-9999,-9999,-9999,5.93,10.09,251200
201905,466920,2019,5,1006.9,1010.4,1013.8,30941,999.2,171654,1017.4,30941,1002.6,171654,25.0,20.3,-9999,35.1,191331,17.9,70614,28.5,22.5,6.0,9.7,300000,2.5,80,7.3,80.0,111321,12.7,60,31617,335.8,132.4,21.5,271318,40.0,200957,77.4,200000,24.2,37.1,181056,11.0,211346,77,33,211332,100,201032,-9999,-9999,-9999,86.8,6.7,250000,8.5,80.3,19.4,330.76,3.04,241200,0,15,13,1,0,26,17,13,8,5,0,12,3,0,5,9,17,0,-9999,-9999,-9999,-9999,-9999,-9999,-9999,-9999,-9999,-9999,-9999,6.46,10.69,301200
201906,466920,2019,6,1002.7,1006.1,1008.3,172112,995.7,140325,1011.8,172112,999.2,140325,28.5,23.7,-9999,36.9,201409,22.3,150333,32.8,25.6,7.2,11.2,160000,1.7,280,7.0,280.0,91239,16.1,270,91237,419.5,111.9,10.5,271343,23.0,140344,111.5,110000,29.5,41.7,271236,14.6,151209,77,36,151208,100,270001,-9999,-9999,-9999,106.5,6.9,160000,8.2,91.4,22.3,380.46,3.54,21200,0,26,24,11,0,30,16,15,10,6,0,8,4,0,4,14,12,0,-9999,-9999,-9999,-9999,-9999,-9999,-9999,-9999,-9999,-9999,-9999,7.3,13.03,21200
201907,466920,2019,7,1001.6,1005.0,1006.8,112315,991.5,181319,1010.3,112315,994.9,181319,30.3,24.5,-9999,37.4,131341,24.8,230434,35.6,27.1,8.5,11.5,130000,1.9,180,8.0,90.0,121359,16.5,290,51508,439.3,55.2,24.5,221517,98.3,221516,120.7,220000,30.9,39.6,271428,21.3,231138,73,37,131356,100,231743,-9999,-9999,-9999,128.7,7.8,160000,7.4,145.5,34.9,489.42,3.11,291100,0,31,31,21,0,31,16,15,9,4,0,0,8,0,5,21,5,0,-9999,-9999,-9999,-9999,-9999,-9999,-9999,-9999,-9999,-9999,-9999,10.1,12.81,161300
201908,466920,2019,8,999.5,1002.9,1008.3,262036,980.7,91641,1011.8,262036,984.0,91641,30.5,24.4,-9999,37.8,101400,25.1,200415,35.1,27.5,7.6,10.3,220000,2.6,100,8.7,90.0,241434,21.7,270,91852,212.4,74.9,18.0,211413,68.0,211411,70.5,210000,30.7,41.7,80843,21.4,31116,72,37,101523,100,211518,-9999,-9999,-9999,148.2,7.9,30000,6.5,186.8,46.5,515.15,3.13,101300,0,31,31,20,0,31,15,10,6,2,0,1,3,0,13,12,6,0,-9999,-9999,-9999,-9999,-9999,-9999,-9999,-9999,-9999,-9999,-9999,10.08,12.55,281200
201909,466920,2019,9,1006.0,1009.5,1016.2,240850,993.1,302257,1019.7,240850,996.6,302257,27.3,23.0,-9999,36.1,111208,19.8,210001,30.9,24.9,6.0,10.8,90000,2.5,80,9.0,310.0,302345,22.4,320,302317,377.1,166.9,8.0,290155,32.5,280750,101.5,280000,28.3,45.4,291244,17.4,241611,79,37,101044,100,300001,-9999,-9999,-9999,90.6,7.5,100000,7.1,139.7,37.8,402.71,3.85,111300,0,25,18,6,0,28,15,13,10,4,0,5,3,0,9,10,11,0,-9999,-9999,-9999,-9999,-9999,-9999,-9999,-9999,-9999,-9999,-9999,7.22,11.98,111200
201910,466920,2019,10,1011.9,1015.5,1019.8,150903,994.0,10001,1023.3,150903,997.5,10001,25.3,19.9,-9999,34.8,21112,19.9,220550,29.2,22.8,6.3,10.7,110000,2.7,70,7.9,90.0,81226,17.1,320,10008,27.1,38.4,1.5,10026,6.0,10010,12.5,10000,23.6,33.4,21814,14.0,221446,74,37,51333,100,310209,-9999,-9999,-9999,107.8,6.3,50000,6.0,159.0,44.4,478.47,3.99,11200,0,14,11,0,0,30,8,5,1,0,0,6,-9999,0,14,10,7,0,-9999,-9999,-9999,-9999,-9999,-9999,-9999,-9999,-9999,-9999,-9999,6.21,11.23,11200
201911,466920,2019,11,1014.3,1017.9,1022.5,282108,1006.5,61346,1026.2,282108,1010.0,61346,22.0,17.0,-9999,31.1,171350,16.0,290208,25.3,19.7,5.7,12.0,170000,3.2,80,8.2,90.0,271326,16.6,80,71551,13.8,64.2,0.6,251420,1.4,251450,3.9,210000,19.6,30.2,221348,10.9,291137,75,36,131150,100,220826,-9999,-9999,-9999,71.9,4.2,110000,6.9,102.9,31.6,324.38,3.0,171200,0,0,2,0,0,13,11,4,0,0,0,8,-9999,0,9,10,11,0,-9999,-9999,-9999,-9999,-9999,-9999,-9999,-9999,-9999,-9999,-9999,4.36,6.11,241200
201912,466920,2019,12,1017.4,1021.0,1028.0,310941,1009.8,251433,1031.7,310941,1013.3,251433,19.1,14.6,-9999,29.5,171307,11.6,80418,22.4,16.7,5.7,11.5,170000,2.7,100,7.9,100.0,121104,14.9,100,121433,136.2,111.1,2.8,202157,6.0,60139,49.0,60000,16.9,26.3,301325,7.3,81329,77,31,81327,100,301324,-9999,-9999,-9999,55.2,3.6,260000,7.6,80.8,24.7,255.32,2.93,11200,0,0,0,0,0,0,9,6,4,2,0,10,-9999,1,7,8,15,0,-9999,-9999,-9999,-9999,-9999,-9999,-9999,-9999,-9999,-9999,-9999,3.27,5.76,11200
202001,466920,2020,1,1016.5,1020.1,1026.2,10937,1006.3,261502,1029.9,10937,1009.9,261502,17.9,13.2,-9999,29.4,231401,7.1,310508,22.0,15.3,6.7,12.7,220000,2.3,100,8.2,100.0,81315,16.5,70,81425,38.6,48.9,2.5,260739,7.0,260821,24.5,260000,15.5,23.2,241648,5.2,301057,75,29,301411,99,260926,-9999,-9999,-9999,52.7,3.7,80000,7.2,113.2,34.2,306.9,3.0,301300,0,0,0,0,3,0,10,5,1,0,0,8,1,0,8,14,9,0,-9999,-9999,-9999,-9999,-9999,-9999,-9999,-9999,-9999,-9999,-9999,3.84,6.3,301300
202002,466920,2020,2,1018.4,1022.0,1027.4,172029,1008.6,151450,1031.2,172029,1012.1,151450,18.7,13.2,-9999,31.6,261226,8.5,10535,23.8,15.6,8.3,14.3,120000,2.3,100,7.4,100.0,221221,16.3,110,221228,29.6,49.0,2.7,70627,3.6,50038,8.1,40000,15.7,24.6,151925,5.0,171515,72,30,121230,98,140632,-9999,-9999,-9999,61.8,4.6,260000,6.7,126.0,38.6,364.83,3.39,181300,0,0,3,0,2,0,8,5,0,0,0,7,-9999,0,10,11,8,0,-9999,-9999,-9999,-9999,-9999,-9999,-9999,-9999,-9999,-9999,-9999,5.2,7.58,151300
202003,466920,2020,3,1012.7,1016.3,1021.0,50946,1001.9,91512,1024.7,50946,1005.4,91512,20.8,15.8,-9999,34.2,261258,13.0,150553,25.6,17.7,7.9,12.1,260000,2.4,100,7.5,80.0,21233,14.7,120,161243,245.5,90.4,9.0,280816,23.5,100231,67.0,130000,18.4,27.6,271934,6.9,151208,75,24,161343,100,131205,-9999,-9999,-9999,65.8,5.8,150000,7.6,87.1,23.5,364.91,3.6,161300,0,3,5,0,0,7,17,12,5,4,0,8,2,2,5,12,12,0,-9999,-9999,-9999,-9999,-9999,-9999,-9999,-9999,-9999,-9999,-9999,5.4,8.89,161300
202004,466920,2020,4,1013.5,1017.1,1019.2,42113,1006.0,191545,1022.8,42113,1009.5,191545,20.9,15.3,-9999,33.6,301146,10.3,130524,25.0,17.8,7.2,17.2,160000,2.5,100,8.1,100.0,221237,15.9,70,221343,87.9,98.9,4.2,20427,6.5,111531,16.1,230000,17.8,28.8,192001,6.3,131612,73,22,161328,100,120912,-9999,-9999,-9999,70.3,5.5,300000,7.8,93.6,24.5,367.41,3.89,301200,0,4,6,0,0,8,15,12,4,0,0,12,-9999,0,7,8,15,0,-9999,-9999,-9999,-9999,-9999,-9999,-9999,-9999,-9999,-9999,-9999,5.06,9.28,301200
202005,466920,2020,5,1005.5,1009.0,1012.0,130836,998.3,180311,1015.5,130836,1001.8,180256,26.9,22.1,-9999,36.6,91243,21.8,191131,31.5,23.9,7.6,11.0,170000,1.8,100,7.1,70.0,131404,13.9,290,181106,405.8,112.5,9.5,291540,24.0,211826,120.0,280000,26.7,36.5,101838,15.3,131115,77,32,11201,100,300001,-9999,-9999,-9999,109.1,6.5,90000,7.8,107.2,26.0,477.51,3.86,241300,0,24,19,2,0,31,15,14,11,4,0,6,6,0,5,15,11,0,-9999,-9999,-9999,-9999,-9999,-9999,-9999,-9999,-9999,-9999,-9999,7.35,12.12,241300
202006,466920,2020,6,1004.1,1007.6,1010.9,142151,998.7,211702,1014.4,142151,1002.1,211702,30.5,23.3,-9999,38.9,291315,24.8,20352,36.0,26.8,9.1,12.3,260000,1.6,280,7.5,90.0,261421,14.5,70,261400,117.9,37.6,19.5,141633,50.5,141625,79.8,140000,28.8,38.5,141516,19.7,101200,68,33,281121,100,261741,-9999,-9999,-9999,139.1,7.1,170000,7.6,150.6,36.8,609.14,4.3,41200,0,30,29,24,0,30,8,6,2,1,0,2,4,0,4,22,4,-9999,-9999,-9999,-9999,-9999,-9999,-9999,-9999,-9999,-9999,-9999,-9999,9.47,12.52,41200
202007,466920,2020,7,1004.0,1007.4,1008.7,210908,998.2,91442,1012.1,210738,1001.6,91442,30.9,23.4,-9999,39.7,241419,24.6,21750,37.0,27.3,9.7,12.9,240000,1.8,180,7.2,130.0,301121,14.3,150,291733,133.5,21.1,12.0,191427,34.5,261442,57.5,20000,29.0,42.4,251154,19.5,101001,67,31,101228,100,21456,-9999,-9999,-9999,152.6,8.2,310000,7.3,160.3,38.4,626.92,4.14,291300,0,31,31,29,0,31,9,8,3,2,0,0,12,0,7,19,5,-9999,-9999,-9999,-9999,-9999,-9999,-9999,-9999,-9999,-9999,-9999,-9999,10.07,12.83,311300
202008,466920,2020,8,1003.3,1006.8,1011.9,122103,995.4,251454,1015.4,122103,998.7,251454,30.2,23.5,-9999,38.5,251340,25.1,40317,35.5,27.0,8.4,11.1,270000,2.0,80,7.1,90.0,181445,15.4,140,211504,322.5,44.5,19.0,271445,59.5,271432,95.5,270000,29.2,45.7,131513,19.9,191247,70,33,191247,100,31058,-9999,-9999,-9999,144.1,8.4,10000,6.7,193.5,48.4,615.97,4.2,11200,0,31,30,22,0,31,13,13,7,3,0,1,9,0,12,15,4,-9999,-9999,-9999,-9999,-9999,-9999,-9999,-9999,-9999,-9999,-9999,-9999,9.49,12.87,11200
202009,466920,2020,9,1006.3,1009.7,1010.9,270853,997.4,10324,1014.5,270853,1000.8,10324,27.8,22.0,-9999,37.6,21244,20.5,300536,32.2,25.0,7.3,13.1,70000,1.9,80,6.5,80.0,41705,12.7,130,41653,129.5,52.5,6.0,10510,12.0,242132,39.5,270000,26.7,40.3,181501,12.7,71116,73,24,71211,100,10610,-9999,-9999,-9999,107.9,7.5,60000,7.4,133.1,36.1,467.45,3.84,61200,0,24,23,10,0,30,15,13,5,1,0,5,6,0,7,15,8,0,-9999,-9999,-9999,-9999,-9999,-9999,-9999,-9999,-9999,-9999,-9999,7.16,10.0,21200
202010,466920,2020,10,1011.2,1014.7,1018.5,300927,1002.8,41438,1022.0,300902,1006.2,41438,24.5,20.0,-9999,35.9,41245,18.7,230806,27.5,22.5,4.9,10.5,40000,3.5,80,8.8,80.0,241227,16.3,80,241144,25.5,50.1,1.0,112347,3.0,120002,7.5,130000,23.6,33.8,131230,12.9,311020,77,33,41304,100,120130,-9999,-9999,-9999,71.3,6.1,260000,7.7,83.0,23.3,333.58,3.6,21200,0,13,3,1,0,29,11,8,0,0,0,10,-9999,0,7,12,12,0,-9999,-9999,-9999,-9999,-9999,-9999,-9999,-9999,-9999,-9999,-9999,5.47,9.88,121200
202011,466920,2020,11,1015.0,1018.6,1022.3,300906,1006.3,61526,1025.9,300906,1009.8,61442,23.3,18.6,-9999,32.8,181323,17.9,292227,26.5,21.1,5.4,10.5,180000,3.4,80,8.3,120.0,70039,16.2,130,70037,21.5,28.0,3.5,132022,5.5,131938,11.0,130000,21.6,31.7,60751,12.6,41327,76,38,191054,100,60606,-9999,-9999,-9999,64.1,3.8,260000,7.6,88.0,27.1,302.85,3.05,11200,0,9,7,0,0,22,10,5,1,0,0,9,-9999,0,7,14,9,0,-9999,-9999,-9999,-9999,-9999,-9999,-9999,-9999,-9999,-9999,-9999,4.56,6.94,11200
202012,466920,2020,12,1016.8,1020.4,1027.3,310837,1008.3,291422,1031.1,310837,1011.8,291422,18.1,16.0,-9999,26.4,291138,7.6,310610,20.5,16.5,4.0,10.2,300000,2.8,80,7.9,90.0,281354,15.0,100,281350,145.0,124.6,2.0,90750,6.0,111103,27.0,90000,18.5,25.8,100903,5.5,310610,88,44,261126,100,10406,-9999,-9999,-9999,29.8,2.1,130000,9.3,16.9,5.2,168.42,2.84,261200,1,0,0,0,1,1,24,19,6,0,0,20,-9999,0,2,6,23,0,-9999,-9999,-9999,-9999,-9999,-9999,-9999,-9999,-9999,-9999,-9999,2.73,5.32,131200
202101,466920,2021,1,1017.4,1021.1,1024.7,170928,1006.0,221443,1028.4,90901,1009.5,221443,16.0,11.4,-9999,29.8,211437,6.8,130420,19.2,13.4,5.8,13.6,130000,2.3,100,6.9,110.0,201147,16.4,130,291332,41.0,89.0,1.5,281419,3.5,281419,14.5,110000,13.9,24.3,220853,6.3,90059,75,28,151331,100,80441,-9999,-9999,-9999,48.7,3.1,210000,6.5,124.5,37.3,307.17,2.76,301300,2,0,0,0,7,1,10,8,1,0,0,10,-9999,2,10,8,11,0,-9999,-9999,-9999,-9999,-9999,-9999,-9999,-9999,-9999,-9999,-9999,4.66,7.67,301300
202102,466920,2021,2,1014.2,1017.8,1026.1,180902,1004.5,110229,1029.8,180902,1008.1,110229,19.1,13.9,-9999,28.4,251056,11.9,200614,23.3,16.1,7.2,12.8,220000,2.2,100,6.6,110.0,41540,13.9,110,91225,46.5,46.8,3.0,110445,9.5,110427,23.5,110000,16.3,22.7,131130,5.9,181143,74,25,201146,99,110604,-9999,-9999,-9999,63.0,4.6,240000,5.8,150.6,47.9,371.69,3.14,181300,0,0,0,0,0,0,7,7,1,0,0,5,-9999,3,10,8,7,0,-9999,-9999,-9999,-9999,-9999,-9999,-9999,-9999,-9999,-9999,-9999,5.94,8.33,101300
202103,466920,2021,3,1013.1,1016.7,1023.7,221017,1001.8,291559,1027.4,221017,1005.3,291559,20.3,17.0,-9999,30.4,301226,11.9,221245,24.2,17.5,6.6,11.0,270000,2.0,100,9.2,320.0,60844,19.5,320,60835,77.5,62.1,4.5,61341,11.5,61336,33.5,60000,19.7,31.3,310943,11.2,220022,83,39,161222,99,40610,-9999,-9999,-9999,72.2,5.3,200000,7.2,110.1,29.6,379.77,3.25,161300,0,1,2,0,0,5,8,6,3,1,0,8,-9999,1,9,10,11,0,-9999,-9999,-9999,-9999,-9999,-9999,-9999,-9999,-9999,-9999,-9999,6.18,10.26,131200
202104,466920,2021,4,1011.1,1014.6,1018.8,50729,1001.5,221532,1022.4,50729,1004.9,221532,22.4,17.8,-9999,30.9,21213,15.9,300244,26.0,19.8,6.2,14.7,300000,2.4,100,6.5,90.0,181622,18.4,70,180940,60.0,36.7,5.0,290430,20.5,290358,39.5,290000,20.9,33.4,11625,9.7,51040,77,35,301154,99,90017,-9999,-9999,-9999,108.8,6.7,210000,7.1,133.1,34.9,470.78,3.65,171200,0,4,7,0,0,15,4,3,2,1,0,7,-9999,0,10,11,9,0,-9999,-9999,-9999,-9999,-9999,-9999,-9999,-9999,-9999,-9999,-9999,7.5,12.11,211200
202105,466920,2021,5,1006.3,1009.8,1014.3,52037,999.7,301302,1017.9,52037,1003.2,301302,28.2,23.0,-9999,38.2,281225,19.8,52021,32.9,25.1,7.8,11.2,270000,1.7,300,6.4,290.0,281303,14.6,80,50821,119.5,29.7,8.0,301433,17.0,301349,50.5,310000,28.2,34.6,211823,16.7,11022,74,36,271052,99,301751,-9999,-9999,-9999,120.0,6.0,110000,7.7,141.3,34.3,531.82,3.85,281200,0,28,25,8,0,30,6,6,2,2,0,3,5,0,5,21,5,-9999,-9999,-9999,-9999,-9999,-9999,-9999,-9999,-9999,-9999,-9999,-9999,8.71,12.23,281200
202106,466920,2021,6,1002.7,1006.1,1009.0,122254,995.8,201645,1012.5,122254,999.2,201645,29.3,23.8,-9999,37.0,181454,21.8,52059,33.3,26.0,7.3,9.8,30000,2.0,260,7.8,280.0,161238,17.3,280,161144,316.5,55.0,23.0,41411,71.5,41325,156.0,40000,29.5,36.1,11304,22.4,162205,74,42,181226,99,10001,-9999,-9999,-9999,126.0,8.1,180000,7.9,152.4,37.3,525.95,3.72,271200,0,28,25,10,0,30,10,10,6,3,0,4,5,0,4,19,7,-9999,-9999,-9999,-9999,-9999,-9999,-9999,-9999,-9999,-9999,-9999,-9999,8.41,11.95,161300
202107,466920,2021,7,1001.2,1004.6,1010.0,80756,987.8,240357,1013.5,80756,991.2,240357,30.3,24.4,-9999,37.8,251229,24.9,240648,35.1,27.4,7.7,11.5,250000,2.0,170,7.2,120.0,60519,17.5,300,240429,288.0,54.9,17.5,311301,45.5,240553,87.5,240000,30.6,38.0,121701,22.7,141637,72,37,251233,98,220137,-9999,-9999,-9999,143.9,8.5,250000,6.9,217.2,52.0,628.22,3.9,11200,0,31,30,19,0,31,13,11,6,4,0,0,4,0,8,20,3,-9999,-9999,-9999,-9999,-9999,-9999,-9999,-9999,-9999,-9999,-9999,-9999,9.23,11.67,11200
202108,466920,2021,8,1003.5,1007.0,1010.4,160748,991.4,70501,1013.9,160748,994.8,70501,28.9,24.7,-9999,35.1,131138,24.3,191545,33.3,26.3,6.9,10.1,80000,1.5,170,6.5,120.0,131359,13.0,90,131406,409.0,54.9,25.0,101302,63.5,101257,132.0,70000,31.2,37.8,191330,25.6,261514,79,48,271203,99,10135,-9999,-9999,-9999,107.9,7.3,290000,7.2,165.6,41.7,516.29,3.72,41300,0,31,29,2,0,31,17,16,9,4,0,3,13,0,6,19,6,0,-9999,-9999,-9999,-9999,-9999,-9999,-9999,-9999,-9999,-9999,-9999,7.95,10.92,121200
