,月別,產品/業務,單營收(億),單佔比(%),單月增(%),單年增(%),累營收(億),累佔比(%),累年增(%)
0,2021/09,瓦斯收入,1.46,65.3,-11.8,-10.5,-,-,-
1,2021/09,裝置收入,0.451,20.1,-4.37,-37.7,-,-,-
2,2021/09,租金收入,0.232,10.3,-0.03,+1.87,-,-,-
3,2021/09,通信收入,0.0588,2.62,-4.38,-4.33,-,-,-
4,2021/09,器具收入,0.0282,1.26,+51.3,-2.66,-,-,-
5,2021/09,其他收入,0.01,0.44,-22.4,+2.26,-,-,-
6,2021/09,銷貨退回及折讓,0.0,0.0,-,-,-,-,-
7,2021/09,業務營收淨額,2.24,100.0,-8.66,-16.5,-,-,-
8,2021/08,瓦斯收入,1.66,67.6,+24.1,+1.73,-,-,-
9,2021/08,裝置收入,0.471,19.2,+21.9,+13.3,-,-,-
10,2021/08,租金收入,0.232,9.44,+1.07,+1.97,-,-,-
11,2021/08,通信收入,0.0614,2.5,-5.52,+8.44,-,-,-
12,2021/08,器具收入,0.0186,0.76,+64.1,-31,-,-,-
13,2021/08,其他收入,0.0128,0.52,+23,+46.9,-,-,-
14,2021/08,銷貨退回及折讓,0.0,0.0,-,-,-,-,-
15,2021/08,業務營收淨額,2.46,100.0,+20.4,+3.73,-,-,-
16,2021/07,瓦斯收入,1.34,65.5,-9.6,-20.4,-,-,-
17,2021/07,裝置收入,0.387,19.0,-16.6,-16.9,-,-,-
18,2021/07,租金收入,0.229,11.2,+1.65,-0.19,-,-,-
19,2021/07,通信收入,0.065,3.19,-5.9,+19.6,-,-,-
20,2021/07,器具收入,0.0114,0.56,-17.9,-53.7,-,-,-
21,2021/07,其他收入,0.0104,0.51,+17,-14.4,-,-,-
22,2021/07,銷貨退回及折讓,0.0,0.0,-,-,-,-,-
23,2021/07,業務營收淨額,2.04,100.0,-9.76,-17.3,-,-,-
24,2021/06,瓦斯收入,1.48,65.4,-,-14.7,-,-,-
25,2021/06,裝置收入,0.464,20.5,-,+3.2,-,-,-
26,2021/06,租金收入,0.226,9.98,-,-2.37,-,-,-
27,2021/06,通信收入,0.0691,3.06,-,+6.6,-,-,-
28,2021/06,器具收入,0.0138,0.61,-,-51.2,-,-,-
29,2021/06,其他收入,0.0089,0.39,-,+2.41,-,-,-
30,2021/06,銷貨退回及折讓,0.0,0.0,-,-,-,-,-
31,2021/06,業務營收淨額,2.26,100.0,-,-10.1,-,-,-
32,2021/05,無申報資料,,,,,,,
33,2021/04,瓦斯收入,2.06,73.1,-9.93,-17.5,8.66,72.2,-19.8
34,2021/04,裝置收入,0.425,15.1,-22.4,-4.26,2.03,16.9,-13.4
35,2021/04,租金收入,0.233,8.3,-1.59,+3.66,0.913,7.62,+1.2
36,2021/04,通信收入,0.0536,1.91,-8.79,-11.9,0.226,1.88,-5.06
37,2021/04,器具收入,0.0348,1.24,+28.2,+16.2,0.123,1.02,-11.7
38,2021/04,其他收入,0.0094,0.33,-5.06,+2.07,0.0409,0.34,-2.78
39,2021/04,銷貨退回及折讓,0.0,0.0,-,-,0,0,-
40,2021/04,業務營收淨額,2.81,100.0,-11.1,-13.8,11.99,100,-17.1
41,2021/03,瓦斯收入,2.28,72.2,+14.8,-19.6,6.61,72,-20.5
42,2021/03,裝置收入,0.547,17.3,+0.45,-41.9,1.6,17.4,-15.5
43,2021/03,租金收入,0.237,7.5,+2.41,+1.7,0.68,7.41,+0.38
44,2021/03,通信收入,0.0587,1.86,+10.8,-9.59,0.172,1.87,-2.7
45,2021/03,器具收入,0.0271,0.86,+24.4,-44.8,0.0881,0.96,-19.4
46,2021/03,其他收入,0.0099,0.31,-22.5,+2.7,0.0315,0.34,-4.14
47,2021/03,銷貨退回及折讓,0.0,0.0,-,-,0,0,-
48,2021/03,業務營收淨額,3.16,100.0,+10.9,-23.6,9.18,100,-18.1
49,2021/02,瓦斯收入,1.99,69.7,-14.9,-26.1,4.33,71.9,-21
50,2021/02,裝置收入,0.545,19.1,+6.84,-1.15,1.05,17.5,+10.6
51,2021/02,租金收入,0.232,8.12,+9.53,+11,0.443,7.36,-0.32
52,2021/02,通信收入,0.053,1.86,-12,+0.93,0.113,1.88,+1.3
53,2021/02,器具收入,0.0218,0.76,-44.4,-27.8,0.061,1.01,+1.35
54,2021/02,其他收入,0.0127,0.45,+44.1,+47.4,0.0216,0.36,-6.98
55,2021/02,銷貨退回及折讓,0.0,0.0,-,-,0,0,-
56,2021/02,業務營收淨額,2.85,100.0,-9.91,-19.5,6.02,100,-14.8
57,2021/01,瓦斯收入,2.34,73.8,+3.85,-16,2.34,73.8,-16
58,2021/01,裝置收入,0.51,16.1,+217.2,+26.8,0.51,16.1,+26.8
59,2021/01,租金收入,0.211,6.68,-11.1,-10.4,0.211,6.68,-10.4
60,2021/01,通信收入,0.0602,1.9,-26.8,+1.62,0.0602,1.9,+1.62
61,2021/01,器具收入,0.0392,1.24,-25,+30.7,0.0392,1.24,+30.7
62,2021/01,其他收入,0.0088,0.28,+0.34,-39.3,0.0088,0.28,-39.3
63,2021/01,銷貨退回及折讓,0.0,0.0,-,-,0,0,-
64,2021/01,業務營收淨額,3.17,100.0,+13.4,-10.1,3.17,100,-10.1
65,2020/12,瓦斯收入,2.25,80.6,+19.3,-19,25.43,71.8,-22.8
66,2020/12,租金收入,0.238,8.52,+1.2,-0.63,2.75,7.77,-0.91
67,2020/12,裝置收入,0.161,5.76,-62.1,-53.1,6,16.9,+12.9
68,2020/12,通信收入,0.0822,2.95,+56.7,+29.5,0.721,2.04,-5.35
69,2020/12,器具收入,0.0523,1.87,+103.1,+45.8,0.378,1.07,+22.2
70,2020/12,其他收入,0.0088,0.32,-73.5,+2.32,0.142,0.4,-5.85
71,2020/12,銷貨退回及折讓,0.0,0.0,-,-,0,0,-
72,2020/12,業務營收淨額,2.79,100.0,+5.06,-19.5,35.43,100,-16.2
73,2020/11,瓦斯收入,1.89,71.0,+4.74,-25.1,23.18,71,-23.2
74,2020/11,裝置收入,0.425,16.0,-23.6,+6.98,5.84,17.9,+17.4
75,2020/11,租金收入,0.235,8.85,+0.68,+3.02,2.52,7.71,-0.94
76,2020/11,通信收入,0.0525,1.97,-6.39,-13.9,0.639,1.96,-8.52
77,2020/11,其他收入,0.0333,1.25,+258.7,-25.2,0.134,0.41,-6.35
78,2020/11,器具收入,0.0257,0.97,-3.63,-17.7,0.325,1,+19.1
79,2020/11,銷貨退回及折讓,0.0,0.0,-,-,0,0,-
80,2020/11,業務營收淨額,2.66,100.0,-0.93,-19,32.63,100,-15.9
81,2020/10,瓦斯收入,1.8,67.1,+10.1,-22.7,21.29,71,-23
82,2020/10,裝置收入,0.556,20.7,-23.2,+24.2,5.42,18.1,+18.3
83,2020/10,租金收入,0.234,8.7,+2.63,+0.47,2.28,7.61,-1.33
84,2020/10,通信收入,0.0561,2.09,-8.71,+0.75,0.586,1.96,-8
85,2020/10,器具收入,0.0267,1.0,-7.74,-0.6,0.3,1,+23.9
86,2020/10,其他收入,0.0093,0.35,-4.82,+2.09,0.1,0.33,+2.21
87,2020/10,銷貨退回及折讓,0.0,0.0,-,-,0,0,-
88,2020/10,業務營收淨額,2.68,100.0,-0.16,-13.5,29.98,100,-15.6
89,2020/09,瓦斯收入,1.64,60.9,+0.24,-28.3,19.49,71.4,-23
90,2020/09,裝置收入,0.724,26.9,+73.8,+63.1,4.86,17.8,+17.7
91,2020/09,租金收入,0.228,8.47,+0.06,-1.8,2.05,7.5,-1.53
92,2020/09,通信收入,0.0614,2.29,+8.38,-27.4,0.53,1.94,-8.84
93,2020/09,器具收入,0.029,1.08,+7.18,+37.7,0.273,1,+27
94,2020/09,其他收入,0.0098,0.36,+11.6,+2.85,0.0911,0.33,+2.22
95,2020/09,銷貨退回及折讓,0.0,0.0,-,-,0,0,-
96,2020/09,業務營收淨額,2.69,100.0,+13.5,-12.5,27.29,100,-15.8
97,2020/08,瓦斯收入,1.63,68.9,-2.92,-29.4,17.86,72.6,-22.5
98,2020/08,裝置收入,0.416,17.6,-10.6,-21.1,4.14,16.8,+12.2
99,2020/08,租金收入,0.227,9.6,-1.07,-1.06,1.82,7.4,-1.5
100,2020/08,通信收入,0.0567,2.39,+4.21,-13.4,0.469,1.91,-5.69
101,2020/08,器具收入,0.027,1.14,+10.1,+44.5,0.244,0.99,+25.8
102,2020/08,其他收入,0.0087,0.37,-28.4,+2.1,0.0813,0.33,+2.15
103,2020/08,銷貨退回及折讓,0.0,0.0,-,-,0,0,-
104,2020/08,業務營收淨額,2.37,100.0,-4.04,-25.1,24.61,100,-16.1
105,2020/07,瓦斯收入,1.68,68.1,-3.04,-32,16.22,73,-21.7
106,2020/07,裝置收入,0.466,18.9,+3.59,+2.92,3.72,16.7,+17.7
107,2020/07,租金收入,0.23,9.31,-0.58,-1.11,1.59,7.16,-1.56
108,2020/07,通信收入,0.0544,2.2,-16.1,-3.99,0.412,1.85,-4.52
109,2020/07,器具收入,0.0245,0.99,-13.4,-11.7,0.217,0.98,+23.8
110,2020/07,其他收入,0.0122,0.49,+40.1,+22.7,0.0726,0.33,+2.15
111,2020/07,銷貨退回及折讓,0.0,0.0,-,-,0,0,-
112,2020/07,業務營收淨額,2.47,100.0,-1.93,-24.1,22.24,100,-15
113,2020/06,瓦斯收入,1.73,68.9,-13.5,-32.9,14.54,73.6,-20.3
114,2020/06,裝置收入,0.45,17.9,-3.23,+3.23,3.25,16.5,+20.2
115,2020/06,租金收入,0.231,9.19,+0.98,-0.1,1.36,6.89,-1.63
116,2020/06,通信收入,0.0648,2.58,+16.8,-7.33,0.358,1.81,-4.6
117,2020/06,器具收入,0.0283,1.13,+13.5,+17.5,0.193,0.97,+30.5
118,2020/06,其他收入,0.0087,0.35,-9.83,-17.3,0.0604,0.31,-1.19
119,2020/06,銷貨退回及折讓,0.0,0.0,-,-,0,0,-
120,2020/06,業務營收淨額,2.52,100.0,-9.73,-25,19.77,100,-13.7
121,2020/05,瓦斯收入,2.0,71.9,-19.6,-33.5,12.81,74.2,-18.2
122,2020/05,裝置收入,0.465,16.7,+4.74,-20.8,2.8,16.3,+23.5
123,2020/05,租金收入,0.229,8.21,+1.7,-1.26,1.13,6.56,-1.94
124,2020/05,通信收入,0.0555,1.99,-8.72,+0.43,0.293,1.7,-3.97
125,2020/05,器具收入,0.025,0.9,-16.6,-0.99,0.164,0.95,+33
126,2020/05,其他收入,0.0097,0.35,+5.11,+2.66,0.0517,0.3,+2.15
127,2020/05,銷貨退回及折讓,0.0,0.0,-,-,0,0,-
128,2020/05,業務營收淨額,2.79,100.0,-14.5,-28.9,17.25,100,-11.8
129,2020/04,瓦斯收入,2.49,76.4,-12.2,-19.3,10.81,74.7,-14.6
130,2020/04,裝置收入,0.444,13.6,-52.9,+11.1,2.34,16.2,+38.9
131,2020/04,租金收入,0.225,6.9,-3.45,-2.76,0.903,6.24,-2.11
132,2020/04,通信收入,0.0608,1.87,-6.37,-4.4,0.238,1.64,-4.94
133,2020/04,器具收入,0.0299,0.92,-39.1,+26.3,0.139,0.96,+41.7
134,2020/04,其他收入,0.0092,0.28,-4.47,+2.22,0.042,0.29,+2.04
135,2020/04,銷貨退回及折讓,0.0,0.0,-,-,0,0,-
136,2020/04,業務營收淨額,3.26,100.0,-21.2,-14.6,14.47,100,-7.51
137,2020/03,瓦斯收入,2.84,68.6,+5.44,-17.1,8.31,74.2,-13
138,2020/03,裝置收入,0.943,22.8,+71,+158.5,1.9,16.9,+47.5
139,2020/03,租金收入,0.233,5.63,+11.8,-1.08,0.678,6.05,-1.9
140,2020/03,通信收入,0.0649,1.57,+23.6,+2.87,0.177,1.58,-5.13
141,2020/03,器具收入,0.0491,1.19,+62.6,+76.4,0.109,0.98,+46.6
142,2020/03,其他收入,0.0096,0.23,+11.2,+2.56,0.0328,0.29,+1.99
143,2020/03,銷貨退回及折讓,0.0,0.0,-,-,0,0,-
144,2020/03,業務營收淨額,4.14,100.0,+16.8,+0.34,11.21,100,-5.24
145,2020/02,瓦斯收入,2.69,76.0,-3.2,-6.31,5.47,77.5,-10.7
146,2020/02,裝置收入,0.551,15.6,+37,+41.9,0.954,13.5,+3.51
147,2020/02,租金收入,0.209,5.88,-11.6,-4.58,0.444,6.29,-2.32
148,2020/02,通信收入,0.0525,1.48,-11.4,-10.8,0.112,1.58,-9.22
149,2020/02,器具收入,0.0302,0.85,+0.67,+59.4,0.0602,0.85,+28.9
150,2020/02,其他收入,0.0086,0.24,-40.6,+2.13,0.0232,0.33,+1.75
151,2020/02,銷貨退回及折讓,0.0,0.0,-,-,0,0,-
152,2020/02,業務營收淨額,3.54,100.0,+0.57,-0.66,7.07,100,-8.23
153,2020/01,瓦斯收入,2.78,78.9,+0.14,-14.6,2.78,78.9,-14.6
154,2020/01,裝置收入,0.402,11.4,+17.4,-24.5,0.402,11.4,-24.5
155,2020/01,租金收入,0.236,6.69,-1.5,-0.24,0.236,6.69,-0.24
156,2020/01,通信收入,0.0593,1.68,-6.69,-7.81,0.0593,1.68,-7.81
157,2020/01,器具收入,0.03,0.85,-16.3,+8.11,0.03,0.85,+8.11
158,2020/01,其他收入,0.0146,0.41,+69,+1.53,0.0146,0.41,+1.53
159,2020/01,銷貨退回及折讓,0.0,0.0,-,-,0,0,-
160,2020/01,業務營收淨額,3.52,100.0,+1.61,-14.8,3.52,100,-14.8
161,2019/12,瓦斯收入,2.78,80.1,+10.2,-6.21,32.94,77.9,+5.24
162,2019/12,裝置收入,0.343,9.88,-13.7,-15.8,5.32,12.6,+4.25
163,2019/12,租金收入,0.239,6.9,+4.92,+0.67,2.78,6.58,-1.47
164,2019/12,通信收入,0.0635,1.83,+4.18,-2.68,0.762,1.8,-12
165,2019/12,器具收入,0.0359,1.03,+14.6,+66,0.309,0.73,-3.9
166,2019/12,其他收入,0.0086,0.25,-80.6,+2.25,0.151,0.36,-20.2
167,2019/12,銷貨退回及折讓,0.0,0.0,-,-,0,0,-
168,2019/12,業務營收淨額,3.47,100.0,+5.67,-6.32,42.26,100,+4.09
169,2019/11,瓦斯收入,2.52,76.8,+8.09,-5.97,30.16,77.8,+6.44
170,2019/11,裝置收入,0.397,12.1,-11.3,-5.71,4.97,12.8,+5.99
171,2019/11,租金收入,0.228,6.95,-1.81,-3.79,2.54,6.55,-1.67
172,2019/11,通信收入,0.061,1.86,+9.58,-33.1,0.698,1.8,-12.8
173,2019/11,其他收入,0.0445,1.36,+389.8,+378.2,0.143,0.37,-21.2
174,2019/11,器具收入,0.0313,0.95,+16.4,+12.4,0.273,0.7,-8.93
175,2019/11,銷貨退回及折讓,0.0,0.0,-,-,0,0,-
176,2019/11,業務營收淨額,3.28,100.0,+5.77,-5.33,38.79,100,+5.14
177,2019/10,瓦斯收入,2.33,75.1,+2.16,-12.5,27.64,77.8,+7.73
178,2019/10,裝置收入,0.448,14.4,+0.92,+23.2,4.58,12.9,+7.14
179,2019/10,租金收入,0.232,7.49,+0.31,-0.35,2.31,6.51,-1.45
180,2019/10,通信收入,0.0556,1.79,-34.2,-14.5,0.637,1.79,-10.1
181,2019/10,器具收入,0.0269,0.87,+27.8,+19.7,0.242,0.68,-11.1
182,2019/10,其他收入,0.0091,0.29,-4.11,-89.5,0.0982,0.28,-42.9
183,2019/10,銷貨退回及折讓,0.0,0.0,-,-,0,0,-
184,2019/10,業務營收淨額,3.1,100.0,+1,-9.64,35.51,100,+6.22
185,2019/09,瓦斯收入,2.28,74.3,-1.29,+0.96,25.31,78.1,+10.1
186,2019/09,裝置收入,0.443,14.4,-15.9,+1.32,4.13,12.7,+5.65
187,2019/09,租金收入,0.232,7.54,+0.81,-1,2.08,6.42,-1.58
188,2019/09,通信收入,0.0845,2.75,+29.1,-7.19,0.582,1.8,-9.71
189,2019/09,器具收入,0.021,0.68,+12.5,-1.96,0.215,0.66,-13.9
190,2019/09,其他收入,0.0095,0.31,+10.7,+2.27,0.0891,0.27,+4.82
191,2019/09,銷貨退回及折讓,0.0,0.0,-,-,0,0,-
192,2019/09,業務營收淨額,3.07,100.0,-2.83,+0.6,32.41,100,+8.04
193,2019/08,瓦斯收入,2.31,73.1,-6.49,+1.05,23.03,78.5,+11.1
194,2019/08,裝置收入,0.527,16.7,+16.5,+16.5,3.69,12.6,+6.19
195,2019/08,租金收入,0.23,7.27,-1.11,-2.96,1.85,6.3,-1.65
196,2019/08,通信收入,0.0655,2.07,+15.6,-3.55,0.497,1.7,-10.1
197,2019/08,器具收入,0.0187,0.59,-32.7,-20.7,0.194,0.66,-15
198,2019/08,其他收入,0.0086,0.27,-13.9,+2.88,0.0796,0.27,+5.14
199,2019/08,銷貨退回及折讓,0.0,0.0,-,-,0,0,-
200,2019/08,業務營收淨額,3.16,100.0,-2.77,+2.76,29.34,100,+8.88
201,2019/07,瓦斯收入,2.47,76.0,-4.36,+7.52,20.72,79.2,+12.3
202,2019/07,裝置收入,0.453,13.9,+3.91,+10.7,3.16,12.1,+4.65
203,2019/07,租金收入,0.232,7.15,+0.44,-2.75,1.62,6.18,-1.46
204,2019/07,通信收入,0.0566,1.74,-19.1,-16.5,0.432,1.65,-11
205,2019/07,器具收入,0.0278,0.85,+15.2,-5.16,0.175,0.67,-14.4
206,2019/07,其他收入,0.0099,0.31,-5.6,+1.95,0.0711,0.27,+5.41
207,2019/07,銷貨退回及折讓,0.0,0.0,-,-,0,0,-
208,2019/07,業務營收淨額,3.25,100.0,-3.12,+6.47,26.17,100,+9.67
209,2019/06,瓦斯收入,2.59,77.0,-14.2,+13.6,18.25,79.6,+13
210,2019/06,裝置收入,0.436,13.0,-25.7,-6.26,2.71,11.8,+3.7
211,2019/06,租金收入,0.231,6.89,-0.19,-2.04,1.39,6.04,-1.24
212,2019/06,通信收入,0.07,2.08,+26.6,-6.92,0.375,1.64,-10.1
213,2019/06,器具收入,0.0241,0.72,-4.29,+22.8,0.148,0.64,-15.9
214,2019/06,其他收入,0.0105,0.31,+11.9,+27.6,0.0611,0.27,+6
215,2019/06,銷貨退回及折讓,0.0,0.0,-,-,0,0,-
216,2019/06,業務營收淨額,3.36,100.0,-14.4,+9.03,22.92,100,+10.1
217,2019/05,瓦斯收入,3.01,76.8,-2.41,+20.5,15.66,80,+12.9
218,2019/05,裝置收入,0.586,14.9,+46.9,+33.9,2.27,11.6,+5.86
219,2019/05,租金收入,0.232,5.91,+0.15,-1.37,1.15,5.9,-1.08
220,2019/05,通信收入,0.0553,1.41,-13.1,-9.85,0.305,1.56,-10.9
221,2019/05,器具收入,0.0252,0.64,+6.42,-7.18,0.123,0.63,-20.8
222,2019/05,其他收入,0.0094,0.24,+4.67,-3.09,0.0506,0.26,+2.39
223,2019/05,銷貨退回及折讓,0.0,0.0,-,-,0,0,-
224,2019/05,業務營收淨額,3.92,100.0,+2.8,+19.9,19.56,100,+10.3
225,2019/04,瓦斯收入,3.09,80.9,-9.8,+16.8,12.65,80.8,+11.2
226,2019/04,裝置收入,0.399,10.5,+9.45,-28.4,1.69,10.8,-1.33
227,2019/04,租金收入,0.232,6.07,-1.78,-3.03,0.922,5.9,-1
228,2019/04,通信收入,0.0636,1.67,+0.74,-10.9,0.25,1.6,-11.1
229,2019/04,器具收入,0.0237,0.62,-15,-6.29,0.0982,0.63,-23.6
230,2019/04,其他收入,0.009,0.24,-4.16,+9.5,0.0412,0.26,+3.73
231,2019/04,銷貨退回及折讓,0.0,0.0,-,-,0,0,-
232,2019/04,業務營收淨額,3.82,100.0,-7.5,+7.6,15.64,100,+8.17
233,2019/03,瓦斯收入,3.42,83.0,+19.1,+18.7,9.56,80.8,+9.51
234,2019/03,裝置收入,0.365,8.84,-6.1,+4.91,1.29,10.9,+11.8
235,2019/03,租金收入,0.236,5.71,+7.85,+0.04,0.691,5.84,-0.3
236,2019/03,通信收入,0.0631,1.53,+7.25,-12.6,0.186,1.58,-11.2
237,2019/03,器具收入,0.0278,0.68,+47,-1.66,0.0746,0.63,-27.9
238,2019/03,其他收入,0.0094,0.23,+10.7,+2.07,0.0322,0.27,+2.22
239,2019/03,銷貨退回及折讓,0.0,0.0,-,-,0,0,-
240,2019/03,業務營收淨額,4.13,100.0,+15.6,+15.3,11.83,100,+8.36
241,2019/02,瓦斯收入,2.87,80.6,-11.8,-0.93,6.13,79.6,+4.99
242,2019/02,裝置收入,0.388,10.9,-27.1,+9.19,0.921,12,+14.8
243,2019/02,租金收入,0.219,6.13,-7.55,-2.21,0.455,5.91,-0.48
244,2019/02,通信收入,0.0589,1.65,-8.43,-11.4,0.123,1.6,-10.4
245,2019/02,器具收入,0.019,0.53,-31.7,-43.5,0.0467,0.61,-37.8
246,2019/02,其他收入,0.0085,0.24,-41,+3.8,0.0228,0.3,+2.29
247,2019/02,銷貨退回及折讓,0.0,0.0,-,-,0,0,-
248,2019/02,業務營收淨額,3.57,100.0,-13.7,-0.59,7.7,100,+4.98
249,2019/01,瓦斯收入,3.26,78.8,+10,+10.8,3.26,78.8,+10.8
250,2019/01,裝置收入,0.533,12.9,+31,+19.2,0.533,12.9,+19.2
251,2019/01,租金收入,0.236,5.72,-0.61,+1.17,0.236,5.72,+1.17
252,2019/01,通信收入,0.0643,1.56,-1.5,-9.46,0.0643,1.56,-9.46
253,2019/01,器具收入,0.0278,0.67,+28.5,-33.1,0.0278,0.67,-33.1
254,2019/01,其他收入,0.0144,0.35,+70.2,+1.41,0.0144,0.35,+1.41
255,2019/01,銷貨退回及折讓,0.0,0.0,-,-,0,0,-
256,2019/01,業務營收淨額,4.13,100.0,+11.7,+10.3,4.13,100,+10.3
257,2018/12,瓦斯收入,2.96,80.0,+10.5,+2.33,31.3,77.1,+9.66
258,2018/12,裝置收入,0.407,11.0,-3.33,+43.5,5.1,12.6,+20.3
259,2018/12,租金收入,0.238,6.42,+0.28,+0.63,2.82,6.95,+5.3
260,2018/12,通信收入,0.0653,1.76,-28.4,-19,0.866,2.13,-24.4
261,2018/12,器具收入,0.0216,0.58,-22.4,-42.4,0.322,0.79,+3.33
262,2018/12,其他收入,0.0084,0.23,-9.45,-28.9,0.19,0.47,-
263,2018/12,銷貨退回及折讓,0.0,0.0,-,-,0,0,-
264,2018/12,業務營收淨額,3.7,100.0,+6.79,+4.44,40.6,100,+9.62
265,2018/11,瓦斯收入,2.68,77.3,+0.64,+5.12,28.34,76.8,+10.5
266,2018/11,裝置收入,0.421,12.1,+15.9,-10.4,4.69,12.7,+18.6
267,2018/11,租金收入,0.237,6.84,+1.69,+3.81,2.58,7,+5.75
268,2018/11,通信收入,0.0911,2.63,+40,+34.8,0.8,2.17,-24.8
269,2018/11,器具收入,0.0278,0.8,+24,-6.96,0.3,0.81,+9.59
270,2018/11,其他收入,0.0093,0.27,-89.3,+2.2,0.181,0.49,-
271,2018/11,銷貨退回及折讓,0.0,0.0,-,-,0,0,-
272,2018/11,業務營收淨額,3.47,100.0,+0.95,+3.34,36.9,100,+10.2
273,2018/10,瓦斯收入,2.66,77.6,+17.8,+21,25.66,76.8,+11.1
274,2018/10,裝置收入,0.363,10.6,-17,+24.3,4.27,12.8,+22.5
275,2018/10,租金收入,0.233,6.79,-0.34,+6.28,2.35,7.02,+5.95
276,2018/10,其他收入,0.0869,2.53,+837.2,+976.6,0.172,0.51,-
277,2018/10,通信收入,0.0651,1.89,-28.6,-16,0.709,2.12,-28.9
278,2018/10,器具收入,0.0224,0.65,+4.66,-22.8,0.272,0.81,+11.6
279,2018/10,銷貨退回及折讓,0.0,0.0,-,-,0,0,-
280,2018/10,業務營收淨額,3.43,100.0,+12.4,+21.5,33.43,100,+10.9
281,2018/09,瓦斯收入,2.26,74.0,-1.2,+15.3,23,76.7,+10
282,2018/09,裝置收入,0.438,14.3,-3.27,+53.9,3.91,13,+22.3
283,2018/09,租金收入,0.234,7.66,-1.19,+5.04,2.11,7.04,+5.91
284,2018/09,通信收入,0.0911,2.98,+34.2,+12.8,0.644,2.15,-30
285,2018/09,器具收入,0.0214,0.7,-9.04,-11.4,0.25,0.83,+16.3
286,2018/09,其他收入,0.0093,0.3,+11.4,-3.13,0.085,0.28,-
287,2018/09,銷貨退回及折讓,0.0,0.0,-,-,0,0,-
288,2018/09,業務營收淨額,3.05,100.0,-0.75,+18.2,30,100,+9.83
289,2018/08,瓦斯收入,2.29,74.4,-0.51,+14.2,20.74,77,+9.48
290,2018/08,裝置收入,0.452,14.7,+10.7,+10.9,3.47,12.9,+19.3
291,2018/08,租金收入,0.237,7.7,-0.89,+3.36,1.88,6.97,+6.02
292,2018/08,通信收入,0.0679,2.21,+0.06,-25.2,0.553,2.05,-34.1
293,2018/08,器具收入,0.0236,0.77,-19.5,-0.8,0.228,0.85,+19.8
294,2018/08,其他收入,0.0083,0.27,-14.7,+3.48,0.0757,0.28,-
295,2018/08,銷貨退回及折讓,0.0,0.0,-,-,0,0,-
296,2018/08,業務營收淨額,3.08,100.0,+0.74,+11.4,26.94,100,+8.95
297,2018/07,瓦斯收入,2.3,75.3,+1.09,+11.1,18.45,77.3,+8.93
298,2018/07,裝置收入,0.409,13.4,-12,+16.4,3.02,12.7,+20.6
299,2018/07,租金收入,0.239,7.82,+1.17,+1.91,1.64,6.88,+6.42
300,2018/07,通信收入,0.0678,2.22,-9.75,-66.7,0.485,2.03,-35.1
301,2018/07,器具收入,0.0293,0.96,+49.1,+24.2,0.205,0.86,+22.7
302,2018/07,其他收入,0.0098,0.32,+18.2,-26.6,0.0674,0.28,-
303,2018/07,銷貨退回及折讓,0.0,0.0,-,-,0,0,-
304,2018/07,業務營收淨額,3.05,100.0,-0.79,+5.43,23.87,100,+8.65
305,2018/06,瓦斯收入,2.27,73.9,-9.05,+4.88,16.15,77.6,+8.63
306,2018/06,裝置收入,0.465,15.1,+6.08,+50.1,2.61,12.5,+21.3
307,2018/06,租金收入,0.236,7.67,+0.48,+5.59,1.4,6.74,+7.22
308,2018/06,通信收入,0.0752,2.44,+22.6,-26.5,0.418,2.01,-23.4
309,2018/06,器具收入,0.0196,0.64,-27.7,-5.35,0.175,0.84,+22.5
310,2018/06,其他收入,0.0082,0.27,-15,-,0.0577,0.28,-
311,2018/06,銷貨退回及折讓,0.0,0.0,-,-,0,0,-
312,2018/06,業務營收淨額,3.08,100.0,-5.92,+8.67,20.81,100,+9.14
313,2018/05,瓦斯收入,2.5,76.4,-5.45,+3.7,13.87,78.2,+9.27
314,2018/05,裝置收入,0.438,13.4,-21.4,+34.6,2.15,12.1,+16.5
315,2018/05,租金收入,0.235,7.18,-1.54,+6.26,1.17,6.58,+7.56
316,2018/05,通信收入,0.0613,1.87,-14.1,-29.3,0.342,1.93,-22.6
317,2018/05,器具收入,0.0272,0.83,+7.44,+36,0.156,0.88,+27.2
318,2018/05,其他收入,0.0097,0.3,+18.3,-,0.0494,0.28,-
319,2018/05,銷貨退回及折讓,0.0,0.0,-,-,0,0,-
320,2018/05,業務營收淨額,3.27,100.0,-7.73,+6.44,17.73,100,+9.22
321,2018/04,瓦斯收入,2.65,74.6,-8.33,+3.94,11.37,78.6,+10.6
322,2018/04,裝置收入,0.557,15.7,+60.4,+46.9,1.71,11.8,+12.6
323,2018/04,租金收入,0.239,6.73,+1.34,+7.02,0.931,6.44,+7.89
324,2018/04,通信收入,0.0714,2.01,-1.19,-22.7,0.281,1.94,-21
325,2018/04,器具收入,0.0253,0.71,-10.8,-11.2,0.129,0.89,+25.5
326,2018/04,其他收入,0.0082,0.23,-10.7,-,0.0397,0.27,-
327,2018/04,銷貨退回及折讓,0.0,0.0,-,-,0,0,-
328,2018/04,業務營收淨額,3.55,100.0,-0.9,+8.23,14.46,100,+9.86
329,2018/03,瓦斯收入,2.89,80.6,-0.55,+3.75,8.73,80,+12.8
330,2018/03,裝置收入,0.348,9.71,-2.27,-1.36,1.15,10.5,+1.13
331,2018/03,租金收入,0.236,6.58,+5.41,+4.6,0.693,6.35,+8.2
332,2018/03,通信收入,0.0722,2.02,+8.68,-21.7,0.21,1.92,-20.4
333,2018/03,器具收入,0.0283,0.79,-15.5,+8.13,0.103,0.95,+39.5
334,2018/03,其他收入,0.0092,0.26,+12.6,-,0.0315,0.29,-
335,2018/03,銷貨退回及折讓,0.0,0.0,-,-,0,0,-
336,2018/03,業務營收淨額,3.58,100.0,-0.29,+2.64,10.91,100,+10.4
337,2018/02,瓦斯收入,2.9,80.8,-1.32,+19.2,5.84,79.6,+17.8
338,2018/02,裝置收入,0.356,9.91,-20.4,+2.65,0.803,10.9,+2.24
339,2018/02,租金收入,0.223,6.23,-4.35,+14.6,0.457,6.23,+10.1
340,2018/02,通信收入,0.0664,1.85,-6.42,-14.9,0.137,1.87,-19.8
341,2018/02,器具收入,0.0335,0.93,-19.2,+31.6,0.075,1.02,+56.7
342,2018/02,其他收入,0.0082,0.23,-42.3,-,0.0223,0.3,-
343,2018/02,銷貨退回及折讓,0.0,0.0,-,-,0,0,-
344,2018/02,業務營收淨額,3.59,100.0,-4.24,+16.3,7.34,100,+14.6
345,2018/01,瓦斯收入,2.94,78.5,+1.58,+16.4,2.94,78.5,+16.4
346,2018/01,裝置收入,0.447,11.9,+57.7,+1.92,0.447,11.9,+1.92
347,2018/01,租金收入,0.234,6.24,-1.14,+6.19,0.234,6.24,+6.19
348,2018/01,通信收入,0.071,1.89,-11.9,-23.8,0.071,1.89,-23.8
349,2018/01,器具收入,0.0415,1.11,+10.8,+85.2,0.0415,1.11,+85.2
350,2018/01,其他收入,0.0142,0.38,+19.3,-,0.0142,0.38,-
351,2018/01,銷貨退回及折讓,0.0,0.0,-,-,0,0,-
352,2018/01,業務營收淨額,3.75,100.0,+5.73,+13.1,3.75,100,+13.1
353,2017/12,瓦斯收入,2.89,81.7,+13.5,+20.3,28.54,77.1,+7.24
354,2017/12,裝置收入,0.283,8.0,-39.7,-11.1,4.24,11.5,-3.01
355,2017/12,租金收入,0.236,6.67,+3.44,+3.32,2.68,7.23,+0.26
356,2017/12,通信收入,0.0806,2.27,+19.2,-2.3,1.15,3.09,+15.6
357,2017/12,器具收入,0.0375,1.06,+25.4,+53.9,0.311,0.84,+0.59
358,2017/12,其他收入,0.0119,0.33,+30.2,-,-,-,-
359,2017/12,銷貨退回及折讓,0.0,0.0,-,-,0,0,-
360,2017/12,業務營收淨額,3.54,100.0,+5.66,+15.5,37.04,100,+5.45
361,2017/11,瓦斯收入,2.55,76.0,+15.9,+21.3,25.65,76.6,+5.94
362,2017/11,裝置收入,0.47,14.0,+60.8,+34.1,3.96,11.8,-2.38
363,2017/11,租金收入,0.228,6.81,+4.12,+2.13,2.44,7.29,-0.03
364,2017/11,通信收入,0.0676,2.02,-12.7,-3.54,1.06,3.18,+17.2
365,2017/11,器具收入,0.0299,0.89,+2.89,+21.4,0.274,0.82,-3.96
366,2017/11,其他收入,0.0091,0.27,+12.9,-,-,-,-
367,2017/11,銷貨退回及折讓,0.0,0.0,-,-,0,0,-
368,2017/11,業務營收淨額,3.35,100.0,+18.7,+20.7,33.49,100,+4.49
369,2017/10,瓦斯收入,2.2,77.8,+12.2,+17.8,23.1,76.6,+4.47
370,2017/10,裝置收入,0.292,10.3,+2.78,+19.3,3.49,11.6,-5.83
371,2017/10,租金收入,0.219,7.76,-1.5,+0.8,2.21,7.35,-0.25
372,2017/10,通信收入,0.0775,2.74,-4.06,-2.87,0.997,3.31,+18.9
373,2017/10,器具收入,0.0291,1.03,+20.1,+36.6,0.244,0.81,-6.36
374,2017/10,其他收入,0.0081,0.29,-15.7,-,-,-,-
375,2017/10,銷貨退回及折讓,0.0,0.0,-,-,0,0,-
376,2017/10,業務營收淨額,2.83,100.0,+9.44,+15.8,30.14,100,+2.95
377,2017/09,瓦斯收入,1.96,75.9,-2.11,+8.58,20.9,76.5,+3.25
378,2017/09,裝置收入,0.284,11.0,-30.3,-18.2,3.2,11.7,-7.6
379,2017/09,租金收入,0.223,8.63,-2.77,+3.96,1.99,7.3,-0.36
380,2017/09,通信收入,0.0808,3.13,-11,-1.05,0.92,3.37,+21.2
381,2017/09,器具收入,0.0242,0.94,+1.81,-10,0.215,0.79,-10.2
382,2017/09,其他收入,0.0096,0.37,+19,-,-,-,-
383,2017/09,銷貨退回及折讓,0.0,0.0,-,-,0,0,-
384,2017/09,業務營收淨額,2.58,100.0,-6.52,+1.96,27.31,100,+1.78
385,2017/08,瓦斯收入,2.0,72.5,-3.25,+8.29,18.94,76.6,+2.72
386,2017/08,裝置收入,0.408,14.8,+16.1,+13.1,2.91,11.8,-6.42
387,2017/08,租金收入,0.229,8.29,-2.29,+4.17,1.77,7.17,-0.88
388,2017/08,通信收入,0.0908,3.28,-55.4,-0.97,0.839,3.39,+23.9
389,2017/08,器具收入,0.0238,0.86,+0.76,-23.8,0.191,0.77,-10.2
390,2017/08,其他收入,0.008,0.29,-39.5,-,-,-,-
391,2017/08,銷貨退回及折讓,0.0,0.0,-,-,0,0,-
392,2017/08,業務營收淨額,2.76,100.0,-4.63,+7.87,24.73,100,+1.76
393,2017/07,瓦斯收入,2.07,71.5,-4.53,+7.61,16.94,77.1,+2.1
394,2017/07,裝置收入,0.351,12.1,+13.5,-8.58,2.5,11.4,-8.98
395,2017/07,租金收入,0.234,8.09,+4.83,+0.6,1.54,7.02,-1.59
396,2017/07,通信收入,0.204,7.03,+99.2,+157.4,0.748,3.41,+27.8
397,2017/07,器具收入,0.0236,0.81,+13.6,-0.72,0.167,0.76,-7.85
398,2017/07,其他收入,0.0133,0.46,-,-,-,-,-
399,2017/07,銷貨退回及折讓,0.0,0.0,-,-,0,0,-
400,2017/07,業務營收淨額,2.9,100.0,+2.26,+9.16,21.97,100,+1.04
401,2017/06,瓦斯收入,2.17,76.6,-10.1,+17.5,14.87,78,+1.38
402,2017/06,裝置收入,0.309,10.9,-4.92,-29.4,2.15,11.3,-9.05
403,2017/06,租金收入,0.224,7.9,+1.12,+0.68,1.31,6.86,-1.97
404,2017/06,通信收入,0.102,3.61,+17.9,+25.2,0.545,2.86,+7.52
405,2017/06,器具收入,0.0208,0.73,+3.96,-20.4,0.143,0.75,-8.93
406,2017/06,其他,0.008,0.28,-10.9,+1.91,0.0564,0.3,-4.47
407,2017/06,銷貨退回及折讓,0.0,0.0,-,-,0,0,-
408,2017/06,業務營收淨額,2.83,100.0,-7.84,+8.07,19.07,100,-0.09
409,2017/05,瓦斯收入,2.41,78.5,-5.22,+13,12.7,78.2,-0.94
410,2017/05,裝置收入,0.325,10.6,-14.3,-37.4,1.84,11.3,-4.43
411,2017/05,租金收入,0.221,7.2,-0.83,-0.2,1.08,6.68,-2.5
412,2017/05,通信收入,0.0867,2.82,-6.04,+11.2,0.443,2.73,+4.12
413,2017/05,器具收入,0.02,0.65,-29.8,-1.48,0.122,0.75,-6.65
414,2017/05,其他,0.009,0.29,+5.89,-45.7,0.0483,0.3,-5.46
415,2017/05,銷貨退回及折讓,0.0,0.0,-,-,0,0,-
416,2017/05,業務營收淨額,3.07,100.0,-6.18,+2.78,16.24,100,-1.39
417,2017/04,瓦斯收入,2.54,77.7,-8.5,+10.1,10.28,78.1,-3.73
418,2017/04,裝置收入,0.38,11.6,+7.72,+6.8,1.52,11.5,+7.76
419,2017/04,租金收入,0.223,6.81,-0.95,-1.96,0.863,6.56,-3.07
420,2017/04,通信收入,0.0923,2.82,+0.01,+0.94,0.356,2.7,+2.53
421,2017/04,器具收入,0.0284,0.87,+8.63,-2.03,0.103,0.78,-7.59
422,2017/04,其他,0.0085,0.26,-5.25,+1.8,0.0394,0.3,+13.8
423,2017/04,銷貨退回及折讓,0.0,0.0,-,-,0,0,-
424,2017/04,業務營收淨額,3.28,100.0,-6.01,+8.39,13.16,100,-2.31
425,2017/03,瓦斯收入,2.78,79.8,+14.3,+1.48,7.74,78.3,-7.55
426,2017/03,裝置收入,0.352,10.1,+1.7,-16.3,1.14,11.5,+8.08
427,2017/03,租金收入,0.225,6.46,+15.5,+0.36,0.64,6.48,-3.45
428,2017/03,通信收入,0.0923,2.65,+18.2,+17.4,0.264,2.67,+3.1
429,2017/03,器具收入,0.0262,0.75,+2.79,+10.7,0.0741,0.75,-9.56
430,2017/03,其他,0.009,0.26,+12.4,+1.59,0.0309,0.31,+17.6
431,2017/03,銷貨退回及折讓,0.0,0.0,-,-,0,0,-
432,2017/03,業務營收淨額,3.49,100.0,+13,-0.32,9.89,100,-5.41
433,2017/02,瓦斯收入,2.43,78.8,-3.64,-9.21,4.96,77.5,-11.9
434,2017/02,裝置收入,0.347,11.2,-21,+14.9,0.785,12.3,+24.4
435,2017/02,租金收入,0.195,6.32,-11.4,-8.52,0.415,6.49,-5.4
436,2017/02,通信收入,0.0781,2.53,-16.3,-9.94,0.171,2.68,-3.23
437,2017/02,器具收入,0.0255,0.83,+13.7,+5.12,0.0479,0.75,-17.8
438,2017/02,其他,0.008,0.26,-42.8,-2.69,0.0219,0.34,+25.7
439,2017/02,銷貨退回及折讓,0.0,0.0,-,-,0,0,-
440,2017/02,業務營收淨額,3.09,100.0,-6.85,-6.87,6.4,100,-7.97
441,2017/01,瓦斯收入,2.53,76.2,+4.94,-14.4,2.53,76.2,-14.4
442,2017/01,裝置收入,0.439,13.2,+37.6,+33,0.439,13.2,+33
443,2017/01,租金收入,0.22,6.64,-3.81,-2.46,0.22,6.64,-2.46
444,2017/01,通信收入,0.0932,2.81,+13,+3.21,0.0932,2.81,+3.21
445,2017/01,器具收入,0.0224,0.68,-7.97,-34.1,0.0224,0.68,-34.1
446,2017/01,其他,0.0139,0.42,+75.6,+50.9,0.0139,0.42,+50.9
447,2017/01,銷貨退回及折讓,0.0,0.0,-,-,0,0,-
448,2017/01,業務營收淨額,3.31,100.0,+7.97,-8.97,3.31,100,-8.97
449,2016/12,瓦斯收入,2.41,78.4,+14.5,-13,26.62,75.8,-18.8
450,2016/12,裝置收入,0.319,10.4,-9,-13.7,4.37,12.4,+3.51
451,2016/12,租金收入,0.229,7.45,+2.25,+0.02,2.67,7.61,+0.79
452,2016/12,通信收入,0.0825,2.69,+17.7,-14.9,0.991,2.82,-14.3
453,2016/12,器具收入,0.0244,0.79,-1.14,-29.2,0.309,0.88,-16.1
454,2016/12,其他,0.0079,0.26,-10.9,+164.7,0.158,0.45,+25.2
455,2016/12,銷貨退回及折讓,0.0,0.0,-,-,0,0,-
456,2016/12,業務營收淨額,3.07,100.0,+10.4,-12.3,35.12,100,-15
457,2016/11,瓦斯收入,2.1,75.6,+12.5,-8.44,24.21,75.5,-19.3
458,2016/11,裝置收入,0.35,12.6,+43,-7.74,4.05,12.6,+5.16
459,2016/11,租金收入,0.224,8.05,+2.76,+0.84,2.44,7.62,+0.86
460,2016/11,通信收入,0.0701,2.52,-12.1,-31.5,0.909,2.84,-14.3
461,2016/11,器具收入,0.0246,0.89,+15.8,+0.82,0.285,0.89,-14.8
462,2016/11,其他,0.0089,0.32,+5.95,-43.1,0.15,0.47,+21.8
463,2016/11,銷貨退回及折讓,0.0,0.0,-,-,0,0,-
464,2016/11,業務營收淨額,2.78,100.0,+13.9,-8.56,32.05,100,-15.2
465,2016/10,瓦斯收入,1.87,76.6,+3.42,-18.5,22.11,75.5,-20.2
466,2016/10,裝置收入,0.245,10.0,-29.5,-41,3.7,12.7,+6.57
467,2016/10,租金收入,0.218,8.92,+1.58,-0.77,2.22,7.58,+0.86
468,2016/10,通信收入,0.0798,3.27,-2.27,-13.6,0.839,2.87,-12.4
469,2016/10,器具收入,0.0213,0.87,-20.9,-26.6,0.26,0.89,-16
470,2016/10,其他,0.0084,0.34,-85.1,-29,0.141,0.48,+31.2
471,2016/10,銷貨退回及折讓,0.0,0.0,-,-,0,0,-
472,2016/10,業務營收淨額,2.44,100.0,-3.67,-20.2,29.27,100,-15.8
473,2016/09,瓦斯收入,1.81,71.3,-2.37,-15.6,20.24,75.4,-20.4
474,2016/09,裝置收入,0.348,13.7,-3.6,-0.35,3.46,12.9,+13
475,2016/09,租金收入,0.214,8.46,-2.56,-1.86,2,7.46,+1.04
476,2016/09,通信收入,0.0816,3.22,-10.9,-20.1,0.759,2.83,-12.3
477,2016/09,器具收入,0.0269,1.06,-13.8,+11.9,0.239,0.89,-14.9
478,2016/09,其他,0.0566,2.23,+617.5,+234.4,0.133,0.5,+38.7
479,2016/09,銷貨退回及折讓,0.0,0.0,-,-,0,0,-
480,2016/09,業務營收淨額,2.53,100.0,-1.1,-11.1,26.83,100,-15.4
481,2016/08,瓦斯收入,1.85,72.2,-3.86,-17.8,18.44,75.9,-20.8
482,2016/08,裝置收入,0.361,14.1,-6.17,+13.5,3.11,12.8,+14.7
483,2016/08,租金收入,0.22,8.59,-5.65,-0.4,1.79,7.36,+1.4
484,2016/08,通信收入,0.0916,3.58,+15.8,-5.74,0.677,2.79,-11.3
485,2016/08,器具收入,0.0312,1.22,+31.4,+33.2,0.212,0.87,-17.5
486,2016/08,其他,0.0079,0.31,-15.8,-46.8,0.0763,0.31,-3.33
487,2016/08,銷貨退回及折讓,0.0,0.0,-,-,0,0,-
488,2016/08,業務營收淨額,2.56,100.0,-3.49,-12.4,24.3,100,-15.8
489,2016/07,瓦斯收入,1.92,72.5,+4.27,-15.2,16.59,76.3,-21.2
490,2016/07,裝置收入,0.384,14.5,-12.3,-14.8,2.75,12.7,+14.9
491,2016/07,租金收入,0.233,8.78,+4.91,+3.25,1.57,7.21,+1.66
492,2016/07,通信收入,0.0791,2.98,-3.09,-20.5,0.586,2.69,-12.1
493,2016/07,器具收入,0.0238,0.89,-8.93,+19.5,0.181,0.83,-22.5
494,2016/07,其他,0.0094,0.35,+19.2,-5.73,0.0684,0.31,+6.74
495,2016/07,銷貨退回及折讓,0.0,0.0,-,-,0,0,-
496,2016/07,業務營收淨額,2.65,100.0,+1.24,-13.7,21.74,100,-16.2
497,2016/06,瓦斯收入,1.85,70.4,-13.5,-17.4,14.66,76.8,-21.9
498,2016/06,裝置收入,0.438,16.7,-15.8,+18.5,2.37,12.4,+21.8
499,2016/06,租金收入,0.222,8.48,+0.24,+1.89,1.33,6.99,+1.39
500,2016/06,通信收入,0.0816,3.11,+4.71,-18.1,0.507,2.65,-10.6
501,2016/06,器具收入,0.0261,0.99,+28.7,-16.4,0.157,0.82,-26.4
502,2016/06,其他,0.0079,0.3,-52.5,-5.53,0.059,0.31,+9.04
503,2016/06,銷貨退回及折讓,0.0,0.0,-,-,0,0,-
504,2016/06,業務營收淨額,2.62,100.0,-12.4,-11.5,19.09,100,-16.5
505,2016/05,瓦斯收入,2.13,71.4,-7.65,-25,12.82,77.8,-22.5
506,2016/05,裝置收入,0.52,17.4,+46.3,+32.6,1.93,11.7,+22.6
507,2016/05,租金收入,0.222,7.41,-2.58,+0.94,1.11,6.76,+1.29
508,2016/05,通信收入,0.078,2.61,-14.7,-17,0.425,2.58,-8.99
509,2016/05,器具收入,0.0203,0.68,-30.2,-34.2,0.131,0.8,-28.2
510,2016/05,其他,0.0166,0.55,+98.4,+75.5,0.0511,0.31,+11.7
511,2016/05,銷貨退回及折讓,0.0,0.0,-,-,0,0,-
512,2016/05,業務營收淨額,2.99,100.0,-1.06,-16.7,16.46,100,-17.3
513,2016/04,瓦斯收入,2.31,76.5,-15.7,-25.3,10.68,79.3,-22
514,2016/04,裝置收入,0.355,11.8,-15.6,-3.88,1.41,10.4,+19.2
515,2016/04,租金收入,0.228,7.53,+1.39,+4.53,0.891,6.61,+1.37
516,2016/04,通信收入,0.0914,3.02,+16.3,-10.7,0.347,2.58,-6.98
517,2016/04,器具收入,0.029,0.96,+22.7,-33,0.111,0.82,-26.9
518,2016/04,其他,0.0083,0.28,-5.44,-5.23,0.0346,0.26,-4.87
519,2016/04,銷貨退回及折讓,0.0,0.0,-,-,0,0,-
520,2016/04,業務營收淨額,3.02,100.0,-13.6,-21.2,13.47,100,-17.4
521,2016/03,瓦斯收入,2.74,78.4,+2.26,-21.8,8.37,80.1,-21
522,2016/03,裝置收入,0.421,12.0,+39.7,+43.9,1.05,10.1,+29.8
523,2016/03,租金收入,0.224,6.42,+5.27,+0.87,0.663,6.35,+0.33
524,2016/03,通信收入,0.0786,2.25,-9.32,-8.36,0.256,2.45,-5.56
525,2016/03,器具收入,0.0237,0.68,-2.39,-44.5,0.0819,0.78,-24.5
526,2016/03,其他,0.0088,0.25,+7.69,-6.27,0.0262,0.25,-4.75
527,2016/03,銷貨退回及折讓,0.0,0.0,-,-,0,0,-
528,2016/03,業務營收淨額,3.5,100.0,+5.54,-15.9,10.45,100,-16.2
529,2016/02,瓦斯收入,2.68,80.9,-9.17,-19.4,5.63,81,-20.6
530,2016/02,裝置收入,0.301,9.1,-8.61,+35.5,0.631,9.08,+21.8
531,2016/02,租金收入,0.213,6.43,-5.5,+0.44,0.439,6.31,+0.06
532,2016/02,通信收入,0.0867,2.62,-4.02,-9.07,0.177,2.55,-4.26
533,2016/02,器具收入,0.0242,0.73,-28.7,+5.71,0.0582,0.84,-11.5
534,2016/02,其他,0.0082,0.25,-11.4,-1.09,0.0174,0.25,-3.97
535,2016/02,銷貨退回及折讓,0.0,0.0,-,-,0,0,-
536,2016/02,業務營收淨額,3.31,100.0,-8.95,-14.7,6.95,100,-16.4
537,2016/01,瓦斯收入,2.95,81.1,+6.69,-21.8,2.95,81.1,-21.8
538,2016/01,裝置收入,0.33,9.06,-10.7,+11.5,0.33,9.06,+11.5
539,2016/01,租金收入,0.226,6.2,-1.37,-0.29,0.226,6.2,-0.29
540,2016/01,通信收入,0.0903,2.48,-6.8,+0.86,0.0903,2.48,+0.86
541,2016/01,器具收入,0.034,0.93,-1.1,-20.7,0.034,0.93,-20.7
542,2016/01,其他,0.0092,0.25,+208,-6.38,0.0092,0.25,-6.38
543,2016/01,銷貨退回及折讓,0.0,0.0,-,-,0,0,-
544,2016/01,業務營收淨額,3.64,100.0,+4.05,-17.9,3.64,100,-17.9
545,2015/12,瓦斯收入,2.77,79.1,+20.5,-,32.78,79.4,-
546,2015/12,裝置收入,0.369,10.6,-2.73,-,4.22,10.2,-
547,2015/12,租金收入,0.229,6.54,+3.1,-,2.65,6.42,-
548,2015/12,通信收入,0.0969,2.77,-5.33,-,1.16,2.8,-
549,2015/12,器具收入,0.0344,0.98,+40.8,-,0.369,0.89,-
550,2015/12,其他,0.003,0.09,-80.8,-,0.126,0.31,-
551,2015/12,銷貨退回及折讓,0.0,0.0,-,-,0,0,-
552,2015/12,業務營收淨額,3.5,100.0,+15.1,-,41.31,100,-
553,2015/11,瓦斯收入,2.29,75.5,+0.12,-,30.02,79.4,-
554,2015/11,裝置收入,0.38,12.5,-8.51,-,3.85,10.2,-
555,2015/11,租金收入,0.222,7.3,+1.12,-,2.42,6.41,-
556,2015/11,通信收入,0.102,3.37,+10.8,-,1.06,2.8,-
557,2015/11,器具收入,0.0244,0.8,-15.6,-,0.335,0.88,-
558,2015/11,其他,0.0157,0.52,+32.2,-,0.123,0.33,-
559,2015/11,銷貨退回及折讓,0.0,0.0,-,-,0,0,-
560,2015/11,業務營收淨額,3.04,100.0,-0.68,-,37.81,100,-
561,2015/10,瓦斯收入,2.29,74.9,+7.15,-,27.72,79.7,-
562,2015/10,裝置收入,0.415,13.6,+19,-,3.48,9.99,-
563,2015/10,租金收入,0.219,7.17,+0.46,-,2.2,6.33,-
564,2015/10,通信收入,0.0924,3.02,-9.59,-,0.958,2.75,-
565,2015/10,器具收入,0.029,0.95,+20.6,-,0.31,0.89,-
566,2015/10,其他,0.0118,0.39,-30,-,0.108,0.31,-
567,2015/10,銷貨退回及折讓,0.0,0.0,-,-,0,0,-
568,2015/10,業務營收淨額,3.06,100.0,+7.38,-,34.77,100,-
569,2015/09,瓦斯收入,2.14,75.1,-4.98,-,25.43,80.2,-
570,2015/09,裝置收入,0.349,12.2,+9.75,-,3.06,9.65,-
571,2015/09,租金收入,0.218,7.66,-1.11,-,1.98,6.25,-
572,2015/09,通信收入,0.102,3.59,+5.08,-,0.866,2.73,-
573,2015/09,器具收入,0.024,0.84,+2.52,-,0.281,0.89,-
574,2015/09,其他,0.0169,0.59,+14.1,-,0.0958,0.3,-
575,2015/09,銷貨退回及折讓,0.0,0.0,-,-,0,0,-
576,2015/09,業務營收淨額,2.85,100.0,-2.59,-,31.71,100,-
577,2015/08,瓦斯收入,2.25,77.0,-0.76,-,23.29,80.7,-
578,2015/08,裝置收入,0.318,10.9,-29.5,-,2.71,9.39,-
579,2015/08,租金收入,0.221,7.55,-2.19,-,1.76,6.11,-
580,2015/08,通信收入,0.0972,3.32,-2.31,-,0.763,2.64,-
581,2015/08,器具收入,0.0234,0.8,+17.9,-,0.257,0.89,-
582,2015/08,其他,0.0148,0.51,+49.3,-,0.0789,0.27,-
583,2015/08,銷貨退回及折讓,0.0,0.0,-,-,0,0,-
584,2015/08,業務營收淨額,2.93,100.0,-4.86,-,28.86,100,-
585,2015/07,瓦斯收入,2.27,73.8,+1.58,-,21.04,81.1,-
586,2015/07,裝置收入,0.451,14.7,+21.9,-,2.39,9.23,-
587,2015/07,租金收入,0.226,7.34,+3.53,-,1.54,5.94,-
588,2015/07,通信收入,0.0995,3.24,-0.12,-,0.666,2.57,-
589,2015/07,器具收入,0.0199,0.65,-36.3,-,0.234,0.9,-
590,2015/07,其他,0.0099,0.32,+19.5,-,0.064,0.25,-
591,2015/07,銷貨退回及折讓,0.0,0.0,-,-,0,0,-
592,2015/07,業務營收淨額,3.07,100.0,+3.86,-,25.94,100,-
593,2015/06,瓦斯收入,2.23,75.4,-21.5,-,18.77,82.1,-
594,2015/06,裝置收入,0.37,12.5,-5.71,-,1.94,8.5,-
595,2015/06,租金收入,0.218,7.37,-0.69,-,1.32,5.76,-
596,2015/06,通信收入,0.0996,3.37,+6.06,-,0.567,2.48,-
597,2015/06,器具收入,0.0312,1.05,+1.3,-,0.214,0.94,-
598,2015/06,其他,0.0083,0.28,-11.8,-,0.0541,0.24,-
599,2015/06,銷貨退回及折讓,0.0,0.0,-,-,0,0,-
600,2015/06,業務營收淨額,2.96,100.0,-17.6,-,22.86,100,-
601,2015/05,瓦斯收入,2.85,79.2,-7.99,-,16.54,83.1,-
602,2015/05,裝置收入,0.392,10.9,+6.09,-,1.57,7.9,-
603,2015/05,租金收入,0.22,6.11,+0.88,-,1.1,5.52,-
604,2015/05,通信收入,0.094,2.62,-8.24,-,0.467,2.35,-
605,2015/05,器具收入,0.0308,0.86,-29,-,0.183,0.92,-
606,2015/05,其他,0.0094,0.26,+7.16,-,0.0458,0.23,-
607,2015/05,銷貨退回及折讓,0.0,0.0,-,-,0,0,-
608,2015/05,業務營收淨額,3.59,100.0,-6.34,-,19.9,100,-
609,2015/04,瓦斯收入,3.09,80.7,-11.7,-,13.69,83.9,-
610,2015/04,裝置收入,0.37,9.64,+26.4,-,1.18,7.24,-
611,2015/04,租金收入,0.218,5.68,-2.16,-,0.879,5.39,-
612,2015/04,通信收入,0.102,2.67,+19.4,-,0.373,2.29,-
613,2015/04,器具收入,0.0434,1.13,+1.64,-,0.152,0.93,-
614,2015/04,其他,0.0088,0.23,-6.48,-,0.0364,0.22,-
615,2015/04,銷貨退回及折讓,0.0,0.0,-,-,0,0,-
616,2015/04,業務營收淨額,3.83,100.0,-7.74,-,16.31,100,-
617,2015/03,瓦斯收入,3.5,84.3,+5.4,-,10.6,84.9,-
618,2015/03,裝置收入,0.293,7.04,+31.5,-,0.811,6.5,-
619,2015/03,租金收入,0.222,5.35,+4.83,-,0.661,5.3,-
620,2015/03,通信收入,0.0858,2.06,-10,-,0.271,2.17,-
621,2015/03,器具收入,0.0427,1.03,+86,-,0.108,0.87,-
622,2015/03,其他,0.0094,0.23,+13.6,-,0.0276,0.22,-
623,2015/03,銷貨退回及折讓,0.0,0.0,-,-,0,0,-
624,2015/03,業務營收淨額,4.16,100.0,+6.98,-,12.48,100,-
625,2015/02,瓦斯收入,3.32,85.6,-11.8,-,7.1,85.3,-
626,2015/02,裝置收入,0.222,5.73,-24.8,-,0.518,6.23,-
627,2015/02,租金收入,0.212,5.46,-6.19,-,0.438,5.27,-
628,2015/02,通信收入,0.0953,2.45,+6.47,-,0.185,2.22,-
629,2015/02,器具收入,0.0229,0.59,-46.5,-,0.0658,0.79,-
630,2015/02,其他,0.0083,0.21,-16.1,-,0.0182,0.22,-
631,2015/02,銷貨退回及折讓,0.0,0.0,-,-,0,0,-
632,2015/02,業務營收淨額,3.89,100.0,-12.4,-,8.32,100,-
633,2015/01,瓦斯收入,3.77,85.0,-,-,3.77,85,-
634,2015/01,裝置收入,0.296,6.67,-,-,0.296,6.67,-
635,2015/01,租金收入,0.226,5.1,-,-,0.226,5.1,-
636,2015/01,通信收入,0.0896,2.02,-,-,0.0896,2.02,-
637,2015/01,器具收入,0.0429,0.97,-,-,0.0429,0.97,-
638,2015/01,其他,0.0099,0.22,-,-,0.0099,0.22,-
639,2015/01,銷貨退回及折讓,0.0,0.0,-,-,0,0,-
640,2015/01,業務營收淨額,4.44,100.0,-,-,4.44,100,-
641,2014/12,無申報資料,,,,,,,
642,2014/11,無申報資料,,,,,,,
643,2014/10,無申報資料,,,,,,,
644,2014/09,無申報資料,,,,,,,
645,2014/08,無申報資料,,,,,,,
646,2014/07,無申報資料,,,,,,,
647,2014/06,無申報資料,,,,,,,
648,2014/05,無申報資料,,,,,,,
649,2014/04,無申報資料,,,,,,,
650,2014/03,無申報資料,,,,,,,
651,2014/02,無申報資料,,,,,,,
652,2014/01,無申報資料,,,,,,,
653,2013/12,無申報資料,,,,,,,
654,2013/11,無申報資料,,,,,,,
655,2013/10,無申報資料,,,,,,,
656,2013/09,無申報資料,,,,,,,
657,2013/08,無申報資料,,,,,,,
658,2013/07,無申報資料,,,,,,,
659,2013/06,無申報資料,,,,,,,
660,2013/05,無申報資料,,,,,,,
661,2013/04,無申報資料,,,,,,,
662,2013/03,無申報資料,,,,,,,
663,2013/02,無申報資料,,,,,,,
664,2013/01,無申報資料,,,,,,,
665,2012/12,瓦斯收入,4.57,87.6,+18.4,+7.82,44.75,86.2,+11.2
666,2012/12,裝置收入,0.568,10.9,+8.8,+11.8,6.03,11.6,-13.9
667,2012/12,通信收入,0.0394,0.76,0,0,0.473,0.91,0
668,2012/12,器具收入,0.0313,0.6,-0.92,-30.2,0.426,0.82,+1.59
669,2012/12,其他,0.0138,0.26,+47.7,+67.9,0.266,0.51,+73.8
670,2012/12,銷貨退回及折讓,0.0079,-0.15,+295,+49.1,0.0568,-0.11,+28.7
671,2012/12,業務營收淨額,5.21,100.0,+16.9,+7.88,51.89,100,+7.5
672,2012/11,瓦斯收入,3.86,86.5,+6.78,+15.6,40.18,86.1,+11.5
673,2012/11,裝置收入,0.523,11.7,-2.44,-17.6,5.46,11.7,-15.9
674,2012/11,通信收入,0.0394,0.88,0,0,0.434,0.93,0
675,2012/11,器具收入,0.0316,0.71,-7.18,-28.7,0.395,0.85,+5.39
676,2012/11,其他,0.0093,0.21,+5.67,-72.7,0.252,0.54,+74.1
677,2012/11,銷貨退回及折讓,0.002,-0.04,-19.1,-61.7,0.049,-0.1,+26
678,2012/11,業務營收淨額,4.46,100.0,+5.45,+9.2,46.68,100,+7.46
679,2012/10,瓦斯收入,3.61,85.4,+13.7,+8.61,36.33,86,+11.1
680,2012/10,裝置收入,0.536,12.7,+5.02,-9.25,4.94,11.7,-15.8
681,2012/10,通信收入,0.0394,0.93,0,0,0.394,0.93,0
682,2012/10,器具收入,0.034,0.8,+8.83,+0.47,0.363,0.86,+9.96
683,2012/10,其他,0.0088,0.21,-85.1,+1.85,0.243,0.58,+119.3
684,2012/10,銷貨退回及折讓,0.0025,-0.06,-86.1,-20.6,0.047,-0.11,+39.5
685,2012/10,業務營收淨額,4.23,100.0,+11.3,+5.82,42.22,100,+7.28
686,2012/09,瓦斯收入,3.18,83.6,-2.38,+8.92,32.72,86.1,+11.4
687,2012/09,裝置收入,0.51,13.4,+91.4,-33.8,4.41,11.6,-16.5
688,2012/09,通信收入,0.0394,1.04,0,0,0.355,0.93,0
689,2012/09,器具收入,0.0312,0.82,-12.7,-14.2,0.329,0.87,+11
690,2012/09,其他,0.0592,1.56,+612.5,+86.8,0.234,0.62,+129.2
691,2012/09,銷貨退回及折讓,0.0177,-0.47,+542.8,+569.4,0.0445,-0.12,+45.6
692,2012/09,業務營收淨額,3.8,100.0,+5.49,+0.19,38,100,+7.45
693,2012/08,瓦斯收入,3.25,90.4,+7.33,+15.6,29.54,86.4,+11.7
694,2012/08,裝置收入,0.267,7.4,-46,-54.6,3.9,11.4,-13.5
695,2012/08,通信收入,0.0394,1.09,0,0,0.315,0.92,0
696,2012/08,器具收入,0.0358,0.99,-9.24,-5.42,0.298,0.87,+14.6
697,2012/08,其他,0.0083,0.23,-37.9,+4.01,0.175,0.51,+148.4
698,2012/08,銷貨退回及折讓,0.0028,-0.08,-14.3,-52.9,0.0268,-0.08,-4.15
699,2012/08,業務營收淨額,3.6,100.0,-0.35,+3.41,34.2,100,+8.32
700,2012/07,瓦斯收入,3.03,83.9,-3.96,+7.51,26.29,85.9,+11.2
701,2012/07,裝置收入,0.493,13.7,-27.1,-17.4,3.63,11.9,-7.37
702,2012/07,通信收入,0.0394,1.09,0,0,0.276,0.9,0
703,2012/07,器具收入,0.0394,1.09,-34.2,+14.8,0.262,0.86,+18
704,2012/07,其他,0.0134,0.37,-82.1,+40.4,0.166,0.54,+166.8
705,2012/07,銷貨退回及折讓,0.0032,-0.09,-33.1,-14.8,0.024,-0.08,+8.79
706,2012/07,業務營收淨額,3.61,100.0,-9.71,+3.36,30.6,100,+8.93
707,2012/06,瓦斯收入,3.16,78.9,-12,+16.1,23.26,86.2,+11.7
708,2012/06,裝置收入,0.676,16.9,+47.1,-5.42,3.14,11.6,-5.57
709,2012/06,器具收入,0.0599,1.5,+53.1,+55,0.223,0.82,+18.6
710,2012/06,通信收入,0.0394,0.99,0,0,0.237,0.88,0
711,2012/06,其他,0.0748,1.87,+708.2,+834.5,0.153,0.57,+189.6
712,2012/06,銷貨退回及折讓,0.0048,-0.12,+44.4,+133.5,0.0208,-0.08,+13.7
713,2012/06,業務營收淨額,4.0,100.0,-3.09,+13.8,26.99,100,+9.72
714,2012/05,瓦斯收入,3.58,86.8,-5.58,+7.3,20.1,87.5,+11.1
715,2012/05,裝置收入,0.46,11.1,-2.52,-18.4,2.46,10.7,-5.61
716,2012/05,通信收入,0.0394,0.95,0,0,0.197,0.86,0
717,2012/05,器具收入,0.0392,0.95,+35.6,+2.68,0.163,0.71,+9.11
718,2012/05,其他,0.0092,0.22,+5.47,+4.28,0.0783,0.34,+74.6
719,2012/05,銷貨退回及折讓,0.0033,-0.08,-12.6,-12.8,0.016,-0.07,-1.54
720,2012/05,業務營收淨額,4.13,100.0,-4.89,+3.56,22.98,100,+9.04
721,2012/04,瓦斯收入,3.8,87.4,-11.1,+8.73,16.52,87.6,+11.9
722,2012/04,裝置收入,0.472,10.9,+20.8,-21.7,2,10.6,-2.08
723,2012/04,通信收入,0.0394,0.91,0,0,0.158,0.84,0
724,2012/04,器具收入,0.0289,0.67,-33.9,+5.32,0.124,0.66,+11.3
725,2012/04,其他,0.0088,0.2,-77.4,-16.3,0.0691,0.37,+92
726,2012/04,銷貨退回及折讓,0.0038,-0.09,+1.87,-14.8,0.0126,-0.07,+1.94
727,2012/04,業務營收淨額,4.34,100.0,-9.13,+4.18,18.86,100,+10.3
728,2012/03,瓦斯收入,4.27,89.4,+1.27,+9.27,12.72,87.6,+12.9
729,2012/03,裝置收入,0.39,8.17,-31.7,+9.89,1.53,10.5,+6.13
730,2012/03,器具收入,0.0437,0.91,+64.8,+32.4,0.0946,0.65,+13.3
731,2012/03,通信收入,0.0394,0.83,0,0,0.118,0.81,0
732,2012/03,其他,0.0388,0.81,+227.4,+338.9,0.0603,0.42,+136.5
733,2012/03,銷貨退回及折讓,0.0037,-0.08,+35.5,+20.6,0.0088,-0.06,+11.3
734,2012/03,業務營收淨額,4.78,100.0,-1.73,+10.1,14.51,100,+12.3
735,2012/02,瓦斯收入,4.22,86.7,-0.51,+25.9,8.45,86.8,+14.9
736,2012/02,裝置收入,0.571,11.8,+0.92,+28.5,1.14,11.7,+4.9
737,2012/02,通信收入,0.0394,0.81,0,0,0.0788,0.81,0
738,2012/02,器具收入,0.0265,0.55,+8.43,+37.4,0.051,0.52,+0.79
739,2012/02,其他,0.0118,0.24,+22.5,+48.7,0.0215,0.22,+29.1
740,2012/02,銷貨退回及折讓,0.0028,-0.06,+18.5,+10.4,0.0051,-0.05,+5.38
741,2012/02,業務營收淨額,4.86,100.0,-0.26,+26.1,9.74,100,+13.4
742,2012/01,瓦斯收入,4.24,86.9,+0.04,+5.65,4.24,86.9,+5.65
743,2012/01,裝置收入,0.566,11.6,+11.4,-11.5,0.566,11.6,-11.5
744,2012/01,通信收入,0.0394,0.81,0,0,0.0394,0.81,0
745,2012/01,器具收入,0.0244,0.5,-45.4,-21.8,0.0244,0.5,-21.8
746,2012/01,其他,0.0097,0.2,+17.9,+11.1,0.0097,0.2,+11.1
747,2012/01,銷貨退回及折讓,0.0023,-0.05,-55.8,0,0.0023,-0.05,0
748,2012/01,業務營收淨額,4.87,100.0,+0.9,+3.11,4.87,100,+3.11
749,2011/12,瓦斯收入,4.24,87.7,+27,+20,40.26,83.4,+8.27
750,2011/12,裝置收入,0.509,10.5,-19.8,-34.8,7.01,14.5,-13.3
751,2011/12,器具收入,0.0448,0.93,+1.24,+17.4,0.419,0.87,+33.1
752,2011/12,通信收入,0.0394,0.82,0,0,0.473,0.98,0
753,2011/12,其他,0.0082,0.17,-76,-24.4,0.153,0.32,+6.7
754,2011/12,銷貨退回及折讓,0.0053,-0.11,+1.54,+33.8,0.0441,-0.09,-18.6
755,2011/12,業務營收淨額,4.83,100.0,+18.4,+9.91,48.27,100,+4.61
756,2011/11,瓦斯收入,3.33,81.7,+0.29,+8.57,36.02,82.9,+7.05
757,2011/11,裝置收入,0.634,15.5,+7.49,+0.3,6.5,15,-11
758,2011/11,器具收入,0.0442,1.08,+30.8,+3.8,0.374,0.86,+35.3
759,2011/11,通信收入,0.0394,0.97,0,0,0.434,1,0
760,2011/11,其他,0.0341,0.84,+293.8,+294.7,0.145,0.33,+9.25
761,2011/11,銷貨退回及折讓,0.0052,-0.13,+67.4,+18.2,0.0389,-0.09,-22.7
762,2011/11,業務營收淨額,4.08,100.0,+2.19,+7.69,43.44,100,+4.05
